1,1,2017-03-07,303,309.3,302,308.3,428900,308.3
2,1,2017-03-06,295,303.9,295,302.35,280700,302.35
3,1,2017-03-03,294.1,297,291.75,296.2,309400,296.2
4,1,2017-03-02,305.4,305.6,292,293.7,371800,293.7
5,1,2017-03-01,302,305.3,301.95,303,369000,303
6,1,2017-02-28,298,303.3,296.7,301.75,191000,301.75
7,1,2017-02-27,297.95,300.75,295.1,296.75,202900,296.75
8,1,2017-02-24,297.45,297.45,297.45,297.45,0,297.45
9,1,2017-02-23,300.85,303.05,296,297.45,195400,297.45
10,1,2017-02-22,305,306.5,298,300.05,342200,300.05
11,1,2017-02-21,301,305.2,298.9,304.05,214600,304.05
12,1,2017-02-20,298.6,302.8,296.4,300.5,153000,300.5
13,1,2017-02-17,301.05,302.7,296.25,297.65,193400,297.65
14,1,2017-02-16,299.9,303,294,298.25,497600,298.25
15,1,2017-02-15,307.75,313.3,297.55,300.5,391400,300.5
16,1,2017-02-14,311.65,315.8,305.6,306.9,632800,306.9
17,1,2017-02-13,312.5,314.75,304.9,309.2,197700,309.2
18,1,2017-02-10,305,313.5,305,311.25,375000,311.25
19,1,2017-02-09,304,308,301.1,304.45,122000,304.45
20,1,2017-02-08,305,307,298.8,303.85,207200,303.85
21,1,2017-02-07,310,310.7,301.4,303.85,138100,303.85
22,1,2017-02-06,303.6,310.65,303.05,309.6,375100,309.6
23,1,2017-02-03,304,311,302.15,303.55,268200,303.55
24,1,2017-02-02,305,309.3,302,303.4,214700,303.4
25,1,2017-02-01,295,305,294,303.95,328800,303.95
26,1,2017-01-31,303.55,306,292.7,293.4,226600,293.4
27,1,2017-01-30,303,305.8,301.5,303.2,186800,303.2
28,1,2017-01-27,305.25,308.95,302.45,303.55,264400,303.55
29,1,2017-01-26,303.85,303.85,303.85,303.85,0,303.85
30,1,2017-01-25,296.25,305.8,294.5,303.85,353200,303.85
31,1,2017-01-24,288.35,294.8,286.95,293.25,126100,293.25
32,1,2017-01-23,284.25,289.35,284.25,286.35,142300,286.35
33,1,2017-01-20,294.9,296.2,283.6,284.4,269600,284.4
34,1,2017-01-19,292.1,297.4,292.1,295,234600,295
35,1,2017-01-18,296,300.3,290.6,291.8,205700,291.8
36,1,2017-01-17,300,301.75,292.7,294.55,267300,294.55
37,1,2017-01-16,293,302.2,292.7,299.85,286300,299.85
38,1,2017-01-13,297.9,298,290.65,293.65,160500,293.65
39,1,2017-01-12,296.6,298.9,290.1,293.15,198400,293.15
40,1,2017-01-11,295,299.65,294,295.7,209500,295.7
41,1,2017-01-10,287.8,294.95,285.1,294.05,328700,294.05
42,1,2017-01-09,287.1,288.6,282.95,284.8,157000,284.8
43,1,2017-01-06,288.95,291.7,284.9,285.45,244200,285.45
44,1,2017-01-05,276,289.1,275.4,287.75,335100,287.75
45,1,2017-01-04,274.95,276.95,272.7,274.35,115000,274.35
46,1,2017-01-03,274.1,277.55,272.2,274.05,112000,274.05
47,1,2017-01-02,271.9,276.3,267.2,273.75,149400,273.75
48,1,2016-12-30,265,270.9,264.8,268.1,173900,268.1
49,1,2016-12-29,267.9,267.9,262.5,264.8,176500,264.8
50,1,2016-12-28,268.95,271.9,266.9,268.05,165500,268.05
51,1,2016-12-27,261,267.6,258.45,266.8,160500,266.8
52,1,2016-12-26,262.95,262.95,257.25,259.35,121800,259.35
53,1,2016-12-23,263.5,268.05,259.3,262.95,270600,262.95
54,1,2016-12-22,272.9,272.95,261.55,263.9,204600,263.9
55,1,2016-12-21,274,275.45,270.6,273.75,118300,273.75
56,1,2016-12-20,276.5,277.45,269.1,272.25,184100,272.25
57,1,2016-12-19,281,281,275.55,276.4,120800,276.4
58,1,2016-12-16,285,286.25,279.15,280.1,129000,280.1
59,1,2016-12-15,287.5,291.9,283.25,284.55,427500,284.55
60,1,2016-12-14,287.7,288.3,282.15,283.7,81900,283.7
61,1,2016-12-13,282,288,278.85,286.1,151700,286.1
62,1,2016-12-12,285,285.4,279.35,281.4,65200,281.4
63,1,2016-12-09,290,291.5,284.55,285.75,203000,285.75
64,2,2017-03-07,1028,1030.6,1021,1022.85,23800,1022.85
65,2,2017-03-06,1015,1032.05,1015,1026.75,127200,1026.75
66,2,2017-03-03,1027.9,1027.9,1007,1014.5,53700,1014.5
67,2,2017-03-02,1032,1043.9,1025.5,1028.3,101000,1028.3
68,2,2017-03-01,1029,1039.4,1026.3,1030.8,99100,1030.8
69,2,2017-02-28,1001.7,1025.9,999.3,1024.45,77800,1024.45
70,2,2017-02-27,1014.9,1017.95,999.5,1001.55,55800,1001.55
71,2,2017-02-24,1008.8,1008.8,1008.8,1008.8,0,1008.8
72,2,2017-02-23,1028,1030,1006.1,1008.8,82000,1008.8
73,2,2017-02-22,991,1027,991,1020.05,181000,1020.05
74,2,2017-02-21,980,994,977.7,991.15,63200,991.15
75,2,2017-02-20,963,980,954,975.4,323400,975.4
76,2,2017-02-17,974.95,974.95,957,960.95,91300,960.95
77,2,2017-02-16,981.4,988.45,968,969.75,53100,969.75
78,2,2017-02-15,980.4,986.35,976,981.35,34800,981.35
79,2,2017-02-14,986.1,986.5,970,980.3,44200,980.3
80,2,2017-02-13,1008,1008,982.15,984.3,318700,984.3
81,2,2017-02-10,1008.25,1008.5,990,992.7,45500,992.7
82,2,2017-02-09,998,1005,992,1002.35,45900,1002.35
83,2,2017-02-08,1005,1009.85,985,997.75,84100,997.75
84,2,2017-02-07,993,1003.4,991,996.8,41500,996.8
85,2,2017-02-06,988.55,1005,986.5,991.85,82000,991.85
86,2,2017-02-03,994,994,980.8,985.35,54400,985.35
87,2,2017-02-02,994,995.55,982.15,989.1,72700,989.1
88,2,2017-02-01,975,998.65,970.25,990.35,103600,990.35
89,2,2017-01-31,976,977.4,965,970.8,77800,970.8
90,2,2017-01-30,970,979.65,964,971.45,55800,971.45
91,2,2017-01-27,981,989,965,969.1,95000,969.1
92,2,2017-01-26,977.2,977.2,977.2,977.2,0,977.2
93,2,2017-01-25,976.15,981.25,970,977.2,65800,977.2
94,2,2017-01-24,962.25,979,953.8,973.85,114500,973.85
95,2,2017-01-23,969,973.5,958,964.25,77100,964.25
96,2,2017-01-20,960,977.4,945,965.8,68200,965.8
97,2,2017-01-19,962.7,965,954.45,960.05,48700,960.05
98,2,2017-01-18,960,971.2,956.55,961.15,108000,961.15
99,2,2017-01-17,947,963.5,937.75,960.15,126900,960.15
100,2,2017-01-16,932.85,941.6,927,934.75,62700,934.75
101,2,2017-01-13,938.95,938.95,927.5,932.85,52800,932.85
102,2,2017-01-12,934.1,939.5,925.3,932.75,92100,932.75
103,2,2017-01-11,927.5,939.5,922.5,934.1,82000,934.1
104,2,2017-01-10,918.4,928,908.5,924.35,89300,924.35
105,2,2017-01-09,930,933.85,907,910.3,97400,910.3
106,2,2017-01-06,916,931.4,916,927.7,99900,927.7
107,2,2017-01-05,914,919.8,902.2,916.45,176000,916.45
108,2,2017-01-04,902.45,914.8,900,906.15,116700,906.15
109,2,2017-01-03,912.8,912.8,896.05,898.55,102500,898.55
110,2,2017-01-02,895,908.35,882.8,903.55,78400,903.55
111,2,2016-12-30,884,894.5,883.3,891.35,92600,891.35
112,2,2016-12-29,880,886.5,877.5,881.3,68900,881.3
113,2,2016-12-28,880,890.85,871,876.6,91900,876.6
114,2,2016-12-27,870,878,864,876.35,65800,876.35
115,2,2016-12-26,874,884,860.25,867.15,81100,867.15
116,2,2016-12-23,871,884.95,862.6,873.75,100900,873.75
117,2,2016-12-22,868,874,850.1,869.55,130100,869.55
118,2,2016-12-21,868.7,876,862.15,866.3,66400,866.3
119,2,2016-12-20,879.7,882.3,862,868.7,91000,868.7
120,2,2016-12-19,906,906,876.55,879.7,120900,879.7
121,2,2016-12-16,913,913,899.5,900.9,186100,900.9
122,2,2016-12-15,912.95,917,903.75,905.8,388900,905.8
123,2,2016-12-14,910,922.8,910,913.25,73200,913.25
124,2,2016-12-13,920,920,895.75,908.95,97500,908.95
125,2,2016-12-12,934,936.8,908.3,910.25,86800,910.25
126,2,2016-12-09,937,954,936.6,941.65,83500,941.65
127,3,2017-03-07,520.75,520.75,509.5,511.7,806400,511.7
128,3,2017-03-06,514,520.65,512.4,518.35,404600,518.35
129,3,2017-03-03,507.8,515,506.7,512.8,237900,512.8
130,3,2017-03-02,516,519.9,503.75,506.3,410100,506.3
131,3,2017-03-01,511.5,521.8,509.8,513.3,462900,513.3
132,3,2017-02-28,510.9,512.8,504.55,506.15,247100,506.15
133,3,2017-02-27,527.75,527.75,507,508.85,659900,508.85
134,3,2017-02-24,527.65,527.65,527.65,527.65,0,527.65
135,3,2017-02-23,525,529.8,518.1,527.65,550300,527.65
136,3,2017-02-22,505.05,526.9,505.05,524.45,1289400,524.45
137,3,2017-02-21,482,508.9,482,504.6,1025000,504.6
138,3,2017-02-20,495.1,495.1,478.95,480.6,400700,480.6
139,3,2017-02-17,499.1,503.9,487.55,489,594000,489
140,3,2017-02-16,488,494.25,486.5,493,341800,493
141,3,2017-02-15,488,493.5,484.1,487.95,339700,487.95
142,3,2017-02-14,491,491,482.4,487.05,197900,487.05
143,3,2017-02-13,493,493.95,487,490.35,287500,490.35
144,3,2017-02-10,488.85,492,486.15,488.5,312700,488.5
145,3,2017-02-09,489.65,494,482.95,484.95,429600,484.95
146,3,2017-02-08,493,493,481.8,487.5,1032400,487.5
147,3,2017-02-07,496.95,499.5,490.5,492.6,475600,492.6
148,3,2017-02-06,493,499.9,493,496.95,390400,496.95
149,3,2017-02-03,485,491.6,480.75,489.65,474500,489.65
150,3,2017-02-02,478,485.8,474.1,482.45,1160900,482.45
151,3,2017-02-01,465.9,479.25,460.5,475.9,443400,475.9
152,3,2017-01-31,472.4,472.4,464.3,465.9,236600,465.9
153,3,2017-01-30,472,476.5,469.75,472.4,214900,472.4
154,3,2017-01-27,464,478.55,464,472.75,563700,472.75
155,3,2017-01-26,463.7,463.7,463.7,463.7,0,463.7
156,3,2017-01-25,451.5,465,451.5,463.7,495200,463.7
157,3,2017-01-24,447.5,452,445.6,451.25,283000,451.25
158,3,2017-01-23,447.75,448.6,441.5,445.1,452600,445.1
159,3,2017-01-20,460,461,448.1,450.5,1925800,450.5
160,3,2017-01-19,486,487.7,479.8,483.7,422900,483.7
161,3,2017-01-18,486.9,491.65,483.35,488.35,342700,488.35
162,3,2017-01-17,478.75,487.25,476.85,486.35,547300,486.35
163,3,2017-01-16,471,480.2,468.4,476.9,441400,476.9
164,3,2017-01-13,459,475,455.2,472.95,978200,472.95
165,3,2017-01-12,455,461.15,452.5,455.2,387800,455.2
166,3,2017-01-11,450.6,457.75,448.7,453.55,633800,453.55
167,3,2017-01-10,457.2,457.2,424.6,447.35,657800,447.35
168,3,2017-01-09,459.7,459.7,451.5,452.65,428400,452.65
169,3,2017-01-06,463,463,453.75,454.9,297900,454.9
170,3,2017-01-05,454.9,463.4,453.1,457.9,388200,457.9
171,3,2017-01-04,455.7,459.95,452.15,453.5,189200,453.5
172,3,2017-01-03,448.55,457.5,443.7,455.2,282500,455.2
173,3,2017-01-02,451,452.25,441.25,446.7,282700,446.7
174,3,2016-12-30,446,451.8,443.45,450,234000,450
175,3,2016-12-29,447,447,437.8,444.15,267600,444.15
176,3,2016-12-28,437.45,447.85,436,439.5,251100,439.5
177,3,2016-12-27,430,438.55,430,437.45,210800,437.45
178,3,2016-12-26,432.15,436,427,431.75,405000,431.75
179,3,2016-12-23,447,448.95,436,438.45,413600,438.45
180,3,2016-12-22,456.5,456.5,445.7,448.45,214100,448.45
181,3,2016-12-21,463.5,465.5,455.55,457.9,147100,457.9
182,3,2016-12-20,469.9,469.95,460.4,461.6,244300,461.6
183,3,2016-12-19,472.4,472.4,466.65,467.5,204400,467.5
184,3,2016-12-16,477.9,480.25,468.6,472.75,662900,472.75
185,3,2016-12-15,456.1,478.25,456.1,477.1,775400,477.1
186,3,2016-12-14,453.7,469.45,453.4,466.95,791100,466.95
187,3,2016-12-13,445,454.15,442.25,452.35,487700,452.35
188,3,2016-12-12,447,451.25,440,444.6,612300,444.6
189,3,2016-12-09,451.05,458,445.6,456.3,644500,456.3
190,4,2017-03-07,362,362.3,356.65,361.2,191500,361.2
191,4,2017-03-06,361.95,363.75,357.35,362.05,277000,362.05
192,4,2017-03-03,357.5,361.35,353.2,355.6,163600,355.6
193,4,2017-03-02,365,366.1,352.55,356.4,228800,356.4
194,4,2017-03-01,368,368.15,361.15,362.6,131300,362.6
195,4,2017-02-28,358,373,357,365.15,676100,365.15
196,4,2017-02-27,369.9,370,353.1,355.7,436700,355.7
197,4,2017-02-24,366.05,366.05,366.05,366.05,0,366.05
198,4,2017-02-23,371.8,400.65,363.5,366.05,2139500,366.05
199,4,2017-02-22,363,372.3,359.75,361.15,257700,361.15
200,4,2017-02-21,375,376.9,359.6,362.95,376100,362.95
201,4,2017-02-20,369.5,379.05,369.5,375.65,169600,375.65
202,4,2017-02-17,366.2,372.1,362.55,369.5,147800,369.5
203,4,2017-02-16,361.05,368.9,360.3,366.2,96200,366.2
204,4,2017-02-15,370,372.4,360.1,365.35,225000,365.35
205,4,2017-02-14,356.65,370,355,369,157400,369
206,4,2017-02-13,354.2,360,353.7,358.15,76900,358.15
207,4,2017-02-10,355.5,360,355.1,357.75,232300,357.75
208,4,2017-02-09,353,358,350.6,355.5,105400,355.5
209,4,2017-02-08,353,354.75,347.1,352.8,106900,352.8
210,4,2017-02-07,353.5,358.5,350.15,352.15,87100,352.15
211,4,2017-02-06,355,356.8,352.45,354.6,118500,354.6
212,4,2017-02-03,353,361.55,352,353.65,174000,353.65
213,4,2017-02-02,344,360,344,353.5,272900,353.5
214,4,2017-02-01,347.9,349.3,340.8,345.05,974500,345.05
215,4,2017-01-31,348.4,353.05,343.25,347.9,395200,347.9
216,4,2017-01-30,323.9,370,322.5,347.65,1168800,347.65
217,4,2017-01-27,311,326.7,310.95,323.45,233000,323.45
218,4,2017-01-26,311.55,311.55,311.55,311.55,0,311.55
219,4,2017-01-25,304.1,314.2,304.1,311.55,468600,311.55
220,4,2017-01-24,319.9,319.9,314.75,316.35,94300,316.35
221,4,2017-01-23,320,320.8,315.6,319.4,71900,319.4
222,4,2017-01-20,319,326.9,315.6,320.7,156300,320.7
223,4,2017-01-19,314,322.5,311,316.55,162200,316.55
224,4,2017-01-18,317.9,318.35,311.4,313.7,118200,313.7
225,4,2017-01-17,319.95,319.95,316,317.55,61000,317.55
226,4,2017-01-16,320,323,316.9,317.9,121800,317.9
227,4,2017-01-13,319.9,325,316.05,320.05,153500,320.05
228,4,2017-01-12,323,325.2,320.1,321.65,134000,321.65
229,4,2017-01-11,322,324.6,318.7,322.85,186400,322.85
230,4,2017-01-10,319.2,321,317.1,320.1,48300,320.1
231,4,2017-01-09,317.1,321.4,316.6,319,68600,319
232,4,2017-01-06,322.8,324.7,318.35,319.9,115700,319.9
233,4,2017-01-05,314,322.45,310.25,321.15,155900,321.15
234,4,2017-01-04,302.2,315.4,299.55,314.2,356000,314.2
235,4,2017-01-03,313,313.9,300,303.65,158300,303.65
236,4,2017-01-02,305.25,312.45,303.1,311,119000,311
237,4,2016-12-30,303.1,306.95,300.7,305.35,92800,305.35
238,4,2016-12-29,299.75,304.75,297.75,303.1,77800,303.1
239,4,2016-12-28,299.5,303.6,297,300.2,94500,300.2
240,4,2016-12-27,297.75,303,291.5,299.4,101600,299.4
241,4,2016-12-26,301,301,289.25,296.25,103400,296.25
242,4,2016-12-23,294.1,297,291.6,295.5,279800,295.5
243,4,2016-12-22,302.15,302.15,291.05,293.15,127500,293.15
244,4,2016-12-21,304.4,306.45,300.55,302.15,89900,302.15
245,4,2016-12-20,304.1,306.4,299.5,302.25,108000,302.25
246,4,2016-12-19,309.95,311.55,304.1,305.1,83000,305.1
247,4,2016-12-16,318.45,319,308.1,309.95,160400,309.95
248,4,2016-12-15,320,322,317.45,318.45,170800,318.45
249,4,2016-12-14,329.7,329.7,321.55,322.45,50700,322.45
250,4,2016-12-13,326.65,330.75,326.15,329.85,34300,329.85
251,4,2016-12-12,330,330,326.45,327.85,131300,327.85
252,4,2016-12-09,335,337.05,328,331,183900,331
253,5,2017-03-07,589,592,586,587.59998,55900,587.59998
254,5,2017-03-06,590.5,594.70001,587,589.25,68700,589.25
255,5,2017-03-03,586.04999,596,585,587.54999,78000,587.54999
256,5,2017-03-02,592.5,592.5,586.04999,587.09998,49900,587.09998
257,5,2017-03-01,586.70001,592.70001,585,587.34998,45100,587.34998
258,5,2017-02-28,592,592.20001,581.25,583.20001,59100,583.20001
259,5,2017-02-27,592,595.34998,581.79999,585.45001,81600,585.45001
260,5,2017-02-24,591.59998,591.59998,591.59998,591.59998,0,591.59998
261,5,2017-02-23,590,595,586,591.59998,37100,591.59998
262,5,2017-02-22,592.59998,592.65002,585,587.84998,52100,587.84998
263,5,2017-02-21,595,595,588.75,592.59998,41900,592.59998
264,5,2017-02-20,595,597.45001,582.79999,593.90002,82600,593.90002
265,5,2017-02-17,585,596.25,581.70001,592.59998,175100,592.59998
266,5,2017-02-16,576.95001,585,574.75,583.40002,67800,583.40002
267,5,2017-02-15,577.04999,578,571.15002,573.34998,51500,573.34998
268,5,2017-02-14,582,586.29999,574.84998,576.75,49800,576.75
269,5,2017-02-13,579.34998,585.59998,575.70001,581.29999,113700,581.29999
270,5,2017-02-10,590,594,577.40002,579.34998,134000,579.34998
271,5,2017-02-09,610,613,584.84998,587,374700,587
272,6,2017-03-07,325.7,326.1,321.5,322.85,547400,322.85
273,6,2017-03-06,322.85,327.95,320.8,323.7,424700,323.7
274,6,2017-03-03,321.6,324.8,320.7,321.65,195000,321.65
275,6,2017-03-02,323,326,319.1,321.6,219200,321.6
276,6,2017-03-01,323,324.75,319.15,321,682200,321
277,6,2017-02-28,330,331.5,320.75,321.8,987800,321.8
278,6,2017-02-27,329.3,332.1,328.1,330,340300,330
279,6,2017-02-24,328.5,328.5,328.5,328.5,0,328.5
280,6,2017-02-23,330,332,327.1,328.5,713800,328.5
281,6,2017-02-22,324,329.4,320.9,328,419300,328
282,6,2017-02-21,320.05,321.3,317.05,319.6,135700,319.6
283,6,2017-02-20,317,321.1,314.3,320.05,167600,320.05
284,6,2017-02-17,318.25,320,311.35,316.55,187100,316.55
285,6,2017-02-16,319,319,315.85,318.25,241700,318.25
286,6,2017-02-15,320.55,322.75,317.35,320.05,208400,320.05
287,6,2017-02-14,319,320.4,315.45,320,159500,320
288,6,2017-02-13,319,321.25,314.55,320.95,394300,320.95
289,6,2017-02-10,323.05,325.6,321.55,324.75,202400,324.75
290,6,2017-02-09,322,323.95,318.65,322.2,411600,322.2
291,7,2017-03-07,524,527,522.1,523.85,1239800,392.8875
292,7,2017-03-06,525.9,525.9,517,521.85,2329000,391.3875
293,7,2017-03-03,503,522.85,503,520.35,479200,390.2625
294,7,2017-03-02,510,512.9,500,502.9,419000,377.175
295,7,2017-03-01,517.85,520.3,504,507.1,276000,380.325
296,7,2017-02-28,518.9,521.7,513.25,517.1,53400,387.825
297,7,2017-02-27,520,525.9,514.5,516.5,134300,387.375
298,7,2017-02-24,517.1,517.1,517.1,517.1,0,387.825
299,7,2017-02-23,687.4649,703.9983,684.9983,689.4649,88800,517.0987
300,7,2017-02-22,698.5983,698.5983,689.1316,691.865,51000,518.8987
301,7,2017-02-21,702.6649,706.9316,693.865,698.7982,354400,524.0987
302,7,2017-02-20,683.9983,703.9983,679.9983,698.6649,299100,523.9987
303,7,2017-02-17,673.3317,683.9983,665.7317,679.665,158600,509.7487
304,7,2017-02-16,659.9984,673.3317,659.3317,670.1983,162600,502.6488
305,7,2017-02-15,666.265,666.5984,652.065,659.065,196300,494.2988
306,7,2017-02-14,641.3317,663.065,641.3317,660.9984,218900,495.7488
307,7,2017-02-13,653.2651,655.665,634.7984,641.5984,224000,481.1988
308,7,2017-02-10,655.9984,658.1317,641.7317,643.9318,147400,482.9488
309,7,2017-02-09,645.4651,658.5317,645.4651,653.9317,157600,490.4488
310,8,2017-03-07,1371.75,1372.9,1362.7,1365.1,48200,1362.1
311,8,2017-03-06,1380,1392.75,1363.55,1365.25,84300,1362.2497
312,8,2017-03-03,1392.65,1395,1366,1371.35,53500,1368.3363
313,8,2017-03-02,1404,1414.9,1392,1397.8,92800,1394.7282
314,8,2017-03-01,1368.8,1405,1368,1400.6,74900,1397.522
315,8,2017-02-28,1375,1384,1367.5,1368.8,59400,1365.7919
316,8,2017-02-27,1380.1,1383.75,1368.25,1374.75,86600,1371.7288
317,8,2017-02-24,1385.1,1385.1,1385.1,1385.1,0,1382.056
318,8,2017-02-23,1396,1405.25,1378.7,1385.1,58400,1382.056
319,8,2017-02-22,1411,1415,1392.55,1394.75,251000,1391.6849
320,8,2017-02-21,1395,1414,1389.75,1411.95,42500,1408.847
321,8,2017-02-20,1408,1410,1387.5,1394.25,39800,1391.186
322,8,2017-02-17,1430,1435,1396.95,1402.05,98400,1398.9689
323,8,2017-02-16,1396.8,1403.95,1386.5,1393.35,32800,1390.2879
324,8,2017-02-15,1399.9,1408.45,1390,1398.2,77800,1395.1272
325,8,2017-02-14,1394.25,1403.6,1388.55,1398.2,39400,1395.1272
326,8,2017-02-13,1390.2,1397,1373.5,1394.2,32700,1391.136
327,8,2017-02-10,1409.5,1409.5,1383.35,1388.4,39500,1385.3488
328,8,2017-02-09,1402,1421.5,1388.25,1399.55,357000,1396.4744
329,8,2017-02-08,1409,1410.7,1384.5,1399.55,102600,1396.4744
330,8,2017-02-07,1399.55,1410,1389,1405.75,25700,1402.6607
331,8,2017-02-06,1407,1412,1389,1399.55,109000,1396.4744
332,8,2017-02-03,1401,1408,1386.35,1395.95,167800,1392.8822
333,8,2017-02-02,1411.95,1411.95,1386.6,1402.7,347500,1399.6173
334,8,2017-02-01,1364.95,1420.8,1364.95,1414.95,162000,1411.8404
335,8,2017-01-31,1376,1387.4,1353,1366.35,58300,1363.3473
336,8,2017-01-30,1370.5,1378,1360.5,1368.9,101600,1365.8917
337,8,2017-01-27,1334,1375,1331.9,1370.7,109600,1367.6877
338,8,2017-01-26,1336,1336,1336,1336,0,1333.064
339,8,2017-01-25,1280.85,1340.5,1280.85,1336,110100,1333.064
340,8,2017-01-24,1260.35,1282,1260.35,1280.85,62400,1278.0351
341,8,2017-01-23,1237.8,1260,1236.8,1258.75,36200,1255.9837
342,8,2017-01-20,1242.05,1244.4,1231,1236.8,57800,1234.082
343,8,2017-01-19,1245,1248.4,1233.75,1241.35,29700,1238.622
344,8,2017-01-18,1250.6,1260.45,1243.6,1247.3,306100,1244.559
345,8,2017-01-17,1265,1265,1235.5,1243.05,41300,1240.3183
346,8,2017-01-16,1245,1262.75,1243,1255.85,83000,1253.0901
347,8,2017-01-13,1222,1248.5,1222,1244.1,44400,1241.3659
348,8,2017-01-12,1234,1242.5,1216.55,1220.1,75400,1217.4187
349,8,2017-01-11,1220,1232.45,1219.15,1228.95,57700,1226.2492
350,8,2017-01-10,1229.75,1229.75,1213.2,1216.45,56600,1213.7767
351,8,2017-01-09,1232.5,1232.5,1213.65,1222.25,31600,1219.564
352,8,2017-01-06,1216.55,1232.4,1216.55,1222.15,183900,1219.4642
353,8,2017-01-05,1225,1225,1205.3,1216.55,87100,1213.8765
354,8,2017-01-04,1215.25,1225,1197.55,1212.5,584300,1209.8354
355,8,2017-01-03,1220,1222,1201,1215.25,142700,1212.5793
356,8,2017-01-02,1275,1275,1214.15,1219.25,197800,1216.5705
357,8,2016-12-30,1261.25,1269.4,1249.35,1262.45,472400,1259.6756
358,8,2016-12-29,1236.9,1261.4,1230.25,1256.05,42700,1253.2897
359,8,2016-12-28,1238.05,1247,1225.25,1236.9,142300,1234.1818
360,8,2016-12-27,1225,1236,1212.95,1231.8,38400,1229.093
361,8,2016-12-26,1220,1224,1207,1222.15,97200,1219.4642
362,8,2016-12-23,1218,1231,1208.95,1225.2,48700,1222.5074
363,8,2016-12-22,1236.15,1236.15,1214,1218.8,98600,1216.1216
364,8,2016-12-21,1240,1257,1232.4,1236.85,48700,1234.1318
365,8,2016-12-20,1250.25,1252.8,1229.8,1238.05,38500,1235.3293
366,8,2016-12-19,1268.8,1268.8,1245,1250.25,34500,1247.5024
367,8,2016-12-16,1265.6,1280.1,1265.6,1270.35,77300,1267.5582
368,8,2016-12-15,1267,1276,1255.9,1259.55,41700,1256.782
369,8,2016-12-14,1272.3,1276.4,1258,1265.75,42600,1262.9684
370,8,2016-12-13,1261.55,1280,1251.2,1276.95,29200,1274.1437
371,8,2016-12-12,1268.25,1277.5,1255.75,1262.4,20600,1259.6257
372,8,2016-12-09,1287,1287.3,1260.5,1267.1,63200,1264.3154
373,9,2017-03-07,3315,3320,3281.65,3299.4,8100,3244.4
374,9,2017-03-06,3275.95,3332,3274.6,3320.85,19000,3265.49
375,9,2017-03-03,3223.95,3289.95,3209.4,3270.55,12600,3216.03
376,9,2017-03-02,3203,3260.5,3191.05,3227.55,118900,3173.75
377,9,2017-03-01,3149.05,3196,3149.05,3184,18200,3130.92
378,9,2017-02-28,3172.1,3177.95,3129.95,3135,63700,3082.74
379,9,2017-02-27,3218,3218,3155.9,3168.35,17300,3115.53
380,9,2017-02-24,3177.2,3177.2,3177.2,3177.2,0,3124.24
381,9,2017-02-23,3150,3199,3149.55,3177.2,35400,3124.24
382,9,2017-02-22,3118.05,3173.95,3111.85,3164.8,30600,3112.04
383,9,2017-02-21,3107.35,3139,3090.5,3128.5,63700,3076.35
384,9,2017-02-20,3086.1,3122.45,3081,3103,14800,3051.27
385,9,2017-02-17,3126.1,3133,3074,3085.65,17700,3034.21
386,9,2017-02-16,3110,3158,3054,3126.1,19200,3073.99
387,9,2017-02-15,3161.15,3165,3089.1,3098.4,19400,3046.75
388,9,2017-02-14,3233.85,3233.9,3146.5,3161.15,22500,3108.45
389,9,2017-02-13,3266.45,3272.55,3211.7,3226.4,24400,3172.62
390,9,2017-02-10,3265,3279,3244,3266.45,12300,3212
391,9,2017-02-09,3273,3312,3228,3264.3,35900,3209.89
392,9,2017-02-08,3269,3282.25,3210,3223.8,32900,3170.06
393,9,2017-02-07,3270,3270.05,3227.5,3258.75,10100,3204.43
394,9,2017-02-06,3264,3284.5,3249,3262.8,23300,3208.41
395,9,2017-02-03,3227,3229,3202,3215.7,27300,3162.1
396,9,2017-02-02,3269.8,3291.55,3217.5,3226,39500,3172.22
397,9,2017-02-01,3194,3300,3170.05,3284.1,48000,3229.36
398,9,2017-01-31,3210,3220,3153.75,3179.25,12600,3126.25
399,9,2017-01-30,3216.3,3216.3,3160.15,3196.85,19700,3143.56
400,9,2017-01-27,3235,3263,3201.05,3216.3,121500,3162.69
401,9,2017-01-26,3240.35,3240.35,3240.35,3240.35,0,3186.33
402,9,2017-01-25,3140,3265,3124.85,3240.35,48900,3186.33
403,9,2017-01-24,3112,3141.45,3087.05,3133.25,18300,3081.02
404,9,2017-01-23,3058,3108.9,3044.7,3099.55,117300,3047.88
405,9,2017-01-20,3105.05,3120,3050.55,3056.6,18000,3005.65
406,9,2017-01-19,3104,3117.7,3068,3107.9,15200,3056.09
407,9,2017-01-18,3141,3159,3077,3088.85,40500,3037.36
408,9,2017-01-17,3110,3155,3074.4,3131.65,19700,3079.45
409,9,2017-01-16,3051,3100,3029,3091.4,9100,3039.87
410,9,2017-01-13,3084.9,3092.7,3021.95,3044.65,14300,2993.9
411,9,2017-01-12,3114.7,3114.7,3065,3079.65,30600,3028.31
412,9,2017-01-11,3070,3092.05,3040,3087,15700,3035.54
413,9,2017-01-10,3040.1,3073.45,3020.1,3062.95,11400,3011.89
414,9,2017-01-09,3100,3108,3029.3,3035.9,13700,2985.29
415,9,2017-01-06,3085,3118.25,3055.95,3068.6,19900,3017.45
416,9,2017-01-05,3020,3081.5,3015.25,3072.3,39900,3021.09
417,9,2017-01-04,3012,3025.95,2976.05,3014.25,28700,2964
418,9,2017-01-03,2972.7,3018.45,2966,2987.35,19700,2937.55
419,9,2017-01-02,3045,3068.1,2991.5,3028.7,19600,2978.21
420,9,2016-12-30,3045,3061.5,3028,3044.75,17900,2993.99
421,9,2016-12-29,3032.95,3050,2975,3032.3,18900,2981.75
422,9,2016-12-28,3035,3050,3000,3004.8,10200,2954.71
423,9,2016-12-27,2981,3046.35,2957,3034,13400,2983.42
424,9,2016-12-26,3040.1,3045.85,2976.5,3004.4,9400,2954.32
425,9,2016-12-23,3008,3050,2992.15,3036,8500,2985.39
426,9,2016-12-22,3022,3040,2983.8,3000.5,14200,2950.48
427,9,2016-12-21,3068,3101,3021.05,3026.65,17100,2976.2
428,9,2016-12-20,3135,3135,3040.2,3057.15,39900,3006.19
429,9,2016-12-19,3151.65,3151.65,3087.7,3105.7,14700,3053.93
430,9,2016-12-16,3168.1,3183.4,3119.5,3128,8600,3075.86
431,9,2016-12-15,3149.6,3200.15,3120.05,3168.1,18200,3115.29
432,9,2016-12-14,3206.9,3221.05,3142,3163.2,14100,3110.47
433,9,2016-12-13,3210,3239.45,3195.45,3201.95,28500,3148.57
434,9,2016-12-12,3272,3272,3199.55,3216.55,13200,3162.93
435,9,2016-12-09,3344,3344,3271.05,3281.15,15200,3226.45
436,10,2017-03-07,873,874.45,868.5,872.6,188500,872.6
437,10,2017-03-06,877,882.1,866.5,872.65,760200,872.65
438,10,2017-03-03,878,879.5,871.05,877.15,282000,877.15
439,10,2017-03-02,880,882.8,873.6,877.55,157300,877.55
440,10,2017-03-01,867,879.95,863.85,874.5,83800,874.5
441,10,2017-02-28,866.5,868.35,858.5,864.9,88100,864.9
442,10,2017-02-27,860,870.35,855,866.5,323600,866.5
443,10,2017-02-24,858.35,858.35,858.35,858.35,0,858.35
444,10,2017-02-23,868,871.8,855.75,858.35,62600,858.35
445,10,2017-02-22,863,869,851.2,864.85,1761700,864.85
446,10,2017-02-21,854,865.5,852.5,862.8,109000,862.8
447,10,2017-02-20,853.65,857.1,848.05,852.8,108200,852.8
448,10,2017-02-17,847,847,840.55,842.35,54200,842.35
449,10,2017-02-16,850.4,851.45,844.55,846.65,61500,846.65
450,10,2017-02-15,849,852.55,843.6,848.9,44000,848.9
451,10,2017-02-14,862,868,845.1,848.25,108500,848.25
452,10,2017-02-13,852,865,852,862.9,76100,862.9
453,10,2017-02-10,850,858,848,850.45,56600,850.45
454,10,2017-02-09,854,856,844.6,849.8,114100,849.8
455,11,2017-03-07,277.9,279.2,275.3,276.05,843000,276.05
456,11,2017-03-06,276.8,279.4,275.65,276.75,2513100,276.75
457,11,2017-03-03,278.45,278.5,274.8,275.85,1757700,275.85
458,11,2017-03-02,281,284.6,276.9,278.25,1914100,278.25
459,11,2017-03-01,277.2,280.8,277.2,279,4063200,279
460,11,2017-02-28,278.85,280.25,275.6,276.4,2168000,276.4
461,11,2017-02-27,283.65,285.5,277.25,278.85,2228300,278.85
462,11,2017-02-24,284.45,284.45,284.45,284.45,0,284.45
463,11,2017-02-23,285,288.75,282.05,284.45,3259300,284.45
464,11,2017-02-22,285,287.4,281.35,285.95,747900,285.95
465,11,2017-02-21,282.3,285.8,281.3,284.9,1007300,284.9
466,11,2017-02-20,284,286,281.3,282.2,528800,282.2
467,11,2017-02-17,279.2,286,276.35,283.05,1002100,283.05
468,11,2017-02-16,281,281.5,273,278.8,766400,278.8
469,11,2017-02-15,285,286.2,278.8,280.65,2459800,280.65
470,11,2017-02-14,281.8,286.15,281.3,284.9,598300,284.9
471,11,2017-02-13,285,285,279.8,281.7,2036300,281.7
472,11,2017-02-10,285,286,280.1,281.5,1715300,281.5
473,11,2017-02-09,286.25,288.95,278.8,285,1060800,285
474,12,2017-03-07,1382,1389,1377.25,1386.15,63500,1386.15
475,12,2017-03-06,1380,1389.15,1375,1380.3,43000,1380.3
476,12,2017-03-03,1382,1388,1369.25,1376.55,35100,1376.55
477,12,2017-03-02,1399,1399,1376.1,1379.55,678400,1379.55
478,12,2017-03-01,1396,1397.1,1385.25,1389.85,33300,1389.85
479,12,2017-02-28,1393.25,1396.35,1385,1389.2,34200,1389.2
480,12,2017-02-27,1392,1400,1379.95,1393.85,62800,1393.85
481,12,2017-02-24,1394.7,1394.7,1394.7,1394.7,0,1394.7
482,12,2017-02-23,1402,1420,1388,1394.7,106300,1394.7
483,12,2017-02-22,1415,1418,1395.6,1399.2,79300,1399.2
484,12,2017-02-21,1408,1419,1397.4,1412.3,178100,1412.3
485,12,2017-02-20,1364,1416,1360.1,1407.2,183500,1407.2
486,12,2017-02-17,1439,1450,1361.25,1377.15,5524500,1377.15
487,12,2017-02-16,1325,1333.2,1320,1327.35,72700,1327.35
488,12,2017-02-15,1315,1324.85,1308.45,1322.45,119300,1322.45
489,12,2017-02-14,1309.55,1314,1305,1310.6,37500,1310.6
490,12,2017-02-13,1310,1315,1299.6,1310.45,46100,1310.45
491,12,2017-02-10,1302.45,1309.35,1299,1304.5,40000,1304.5
492,12,2017-02-09,1307.2,1319.2,1294,1299.5,65700,1299.5
493,13,2017-03-07,1024,1025.5,1015,1019.70001,119400,1019.70001
494,13,2017-03-06,1019.79999,1035.90002,1018,1033.84998,155000,1033.84998
495,13,2017-03-03,1010.09998,1034.25,1000.5,1031.15002,186400,1031.15002
496,13,2017-03-02,1025,1027.90002,1016.09998,1020.65002,96200,1020.65002
497,13,2017-03-01,1014.59998,1026.19995,1011.79999,1025,152600,1025
498,13,2017-02-28,1011,1021.84998,1009,1012.29999,80800,1012.29999
499,13,2017-02-27,1005.5,1022.45001,1005.5,1012.75,153800,1012.75
500,13,2017-02-24,1009.04999,1009.04999,1009.04999,1009.04999,0,1009.04999
501,13,2017-02-23,991,1019.90002,991,1009.04999,201400,1009.04999
502,13,2017-02-22,1012.70001,1015,988.25,991.84998,164100,991.84998
503,13,2017-02-21,1020,1024.80005,1000.09998,1012.95001,263600,1012.95001
504,13,2017-02-20,998.90002,1028.09998,993.5,1011.70001,134000,1011.70001
505,13,2017-02-17,1011.90002,1012.04999,993.40002,999.70001,157500,999.70001
506,13,2017-02-16,992,1014.79999,990,1011.90002,374000,1011.90002
507,13,2017-02-15,982.15002,998,969.90002,982.34998,294700,982.34998
508,13,2017-02-14,982.54999,988.5,972.70001,987.29999,503400,987.29999
509,13,2017-02-13,975,985,963.09998,983.5,473200,983.5
510,13,2017-02-10,945,971.79999,944,968.04999,1185000,968.04999
511,13,2017-02-09,936,949.90002,936,948.09998,330600,948.09998
512,13,2017-02-08,940,943.95001,932.34998,936.45001,189300,936.45001
513,13,2017-02-07,934.90002,949.40002,929.04999,944.75,254400,944.75
514,13,2017-02-06,939,941.65002,931,934.45001,206600,934.45001
515,13,2017-02-03,934,940.70001,921.5,934.95001,338300,934.95001
516,13,2017-02-02,916,945.20001,911,935.34998,457300,935.34998
517,13,2017-02-01,921.90002,923.20001,906,916.54999,334100,916.54999
518,13,2017-01-31,943.90002,947,905,929.29999,870800,929.29999
519,13,2017-01-30,938.70001,951.90002,929.65002,948.34998,492300,948.34998
520,13,2017-01-27,935,948,926.40002,942.15002,319400,942.15002
521,13,2017-01-26,936.65002,936.65002,936.65002,936.65002,0,936.65002
522,13,2017-01-25,948.75,950,935,936.65002,222900,936.65002
523,13,2017-01-24,952.84998,953,940.15002,945.09998,125600,945.09998
524,13,2017-01-23,947,957.5,939.5,951.75,177200,951.75
525,13,2017-01-20,953,955,946,948.79999,221000,948.79999
526,13,2017-01-19,951,960.29999,949.59998,958.54999,284600,958.54999
527,13,2017-01-18,958,961,950,950.90002,161000,950.90002
528,13,2017-01-17,959.79999,964.75,954,956.04999,211000,956.04999
529,13,2017-01-16,965,965.5,952.5,955.70001,274900,955.70001
530,13,2017-01-13,1026.34998,1045,964,975.15002,1266500,975.15002
531,13,2017-01-12,972.25,1004.40002,972.25,1000.04999,261700,1000.04999
532,13,2017-01-11,978,978,964,969,193200,969
533,13,2017-01-10,976.25,980.95001,968,970.59998,457600,970.59998
534,13,2017-01-09,974,976.84998,965,970.54999,257100,970.54999
535,13,2017-01-06,993,998.95001,968.45001,971.45001,887700,971.45001
536,13,2017-01-05,999,1009,989.09998,996.40002,520600,996.40002
537,13,2017-01-04,994.59998,1003.29999,993.70001,998.29999,142800,998.29999
538,13,2017-01-03,1002.34998,1005.90002,980.79999,994.65002,418300,994.65002
539,13,2017-01-02,1012,1013.09998,1000,1001.59998,74500,1001.59998
540,13,2016-12-30,995.25,1012,993,1010.70001,217600,1010.70001
541,13,2016-12-29,1000,1007.45001,986.40002,994.09998,165200,994.09998
542,13,2016-12-28,999.5,1009.75,995.20001,999.15002,452400,999.15002
543,13,2016-12-27,983.09998,1002.90002,982.25,999.25,132500,999.25
544,13,2016-12-26,989,993.84998,976,983,107700,983
545,13,2016-12-23,981.34998,1006.59998,975,989.29999,154600,989.29999
546,13,2016-12-22,1002.90002,1006.90002,970.20001,985.20001,348500,985.20001
547,13,2016-12-21,1015,1020.95001,1001.04999,1003.70001,117500,1003.70001
548,13,2016-12-20,998,1018.95001,998,1010.40002,129000,1010.40002
549,13,2016-12-19,1005,1006.04999,994.20001,1002.20001,80000,1002.20001
550,13,2016-12-16,999.20001,1009,998,1004.20001,112700,1004.20001
551,13,2016-12-15,997.90002,1018.90002,990,993.25,259100,993.25
552,13,2016-12-14,991.54999,1004,984,999.04999,331000,999.04999
553,13,2016-12-13,977,991.84998,973.5,990.04999,117800,990.04999
554,13,2016-12-12,981,981.5,965.45001,977.5,183600,977.5
555,13,2016-12-09,986.5,1007.04999,983,987.34998,190400,987.34998
556,14,2017-03-07,266.70001,266.70001,261.35001,264.25,609000,264.25
557,14,2017-03-06,262.14999,265,261.5,263.79999,434500,263.79999
558,14,2017-03-03,264,264,258.39999,261.95001,645600,261.95001
559,14,2017-03-02,270,270,263.75,264.54999,689700,264.54999
560,14,2017-03-01,263.25,269.64999,262.79999,268.60001,2503900,268.60001
561,14,2017-02-28,264,264.54999,261.20001,262.14999,296000,262.14999
562,14,2017-02-27,266.35001,266.35001,258.20001,264.35001,1551500,264.35001
563,14,2017-02-24,265.70001,265.70001,265.70001,265.70001,0,265.70001
564,14,2017-02-23,264,267.14999,261.64999,265.70001,5011300,265.70001
565,14,2017-02-22,264.95001,266.14999,261.75,263.5,2238400,263.5
566,14,2017-02-21,266,266.35001,261.14999,263.35001,426700,263.35001
567,14,2017-02-20,268.14999,268.14999,265.14999,265.85001,538200,265.85001
568,14,2017-02-17,268.45001,269.14999,264.10001,268.25,638800,268.25
569,14,2017-02-16,270.5,272,265.60001,266.70001,409000,266.70001
570,14,2017-02-15,271.20001,275.04999,271.20001,273.39999,688300,273.39999
571,14,2017-02-14,272,273.70001,269.35001,270.79999,597800,270.79999
572,14,2017-02-13,275,275.95001,268.54999,270.5,685100,270.5
573,14,2017-02-10,277.95001,278.95001,271.70001,273.04999,449300,273.04999
574,14,2017-02-09,275,278.5,272.79999,277.39999,805000,277.39999
575,14,2017-02-08,279.5,279.5,271.75,274.70001,1001400,274.70001
576,14,2017-02-07,277,291.95001,275.75,277.10001,2110500,277.10001
577,14,2017-02-06,274,279,274,276.39999,539600,276.39999
578,14,2017-02-03,275,275.29999,270.25,272.45001,1007800,272.45001
579,14,2017-02-02,271.95001,279.89999,269.60001,273.70001,1770400,273.70001
580,14,2017-02-01,260,270.25,258.64999,269.70001,2227400,269.70001
581,14,2017-01-31,255.89999,259.79999,254.55,258.04999,1019000,258.04999
582,14,2017-01-30,257,261,255.5,255.89999,526200,255.89999
583,14,2017-01-27,264,266.70001,256.35001,257.5,1832900,257.5
584,14,2017-01-26,264.85001,264.85001,264.85001,264.85001,0,264.85001
585,14,2017-01-25,261,265.85001,259.79999,264.85001,618700,264.85001
586,14,2017-01-24,259.54999,260.39999,257.20001,259.75,483800,259.75
587,14,2017-01-23,255.5,260,254.85001,259.45001,616300,259.45001
588,14,2017-01-20,253.95,256.14999,253.7,255.45,825900,255.45
589,14,2017-01-19,251,254.8,249.95,253.95,1124000,253.95
590,14,2017-01-18,252,254.25,250,250.89999,925700,250.89999
591,14,2017-01-17,248.8,252.5,248.75,251.85001,667300,251.85001
592,14,2017-01-16,249.45,250.8,247.2,248.8,816600,248.8
593,14,2017-01-13,245,250.5,242.7,249.5,580900,249.5
594,14,2017-01-12,246.45,247.60001,243.64999,244.3,1384800,244.3
595,14,2017-01-11,248.25,250.5,246.64999,247.5,1215500,247.5
596,14,2017-01-10,246,249.7,245.64999,248.89999,1133700,248.89999
597,14,2017-01-09,242.95,246.39999,242,245.8,312800,245.8
598,14,2017-01-06,245.95,248.95,242.14999,242.64999,664700,242.64999
599,14,2017-01-05,244.10001,247.7,244.10001,246.5,721500,246.5
600,14,2017-01-04,244,246.75,240.35001,244.7,834400,244.7
601,14,2017-01-03,241.2,245.75,239.5,243.25,2601300,243.25
602,14,2017-01-02,241.95,242.10001,238.55,241.2,540100,241.2
603,14,2016-12-30,237,242.3,236.10001,240.95,748900,240.95
604,14,2016-12-29,235.89999,236.7,232.3,235.5,649400,235.5
605,14,2016-12-28,234.10001,236.39999,233.10001,235.35001,873500,235.35001
606,14,2016-12-27,225.5,234.7,224.45,234.10001,826300,234.10001
607,14,2016-12-26,224.35001,225.85001,222.05,225.05,379300,225.05
608,14,2016-12-23,227.25,227.3,223.85001,224.8,619100,224.8
609,14,2016-12-22,225.10001,228.89999,224.35001,227.25,384300,227.25
610,14,2016-12-21,229.39999,229.8,225.3,226.10001,889100,226.10001
611,14,2016-12-20,227.14999,230.35001,227.14999,229.39999,1036300,229.39999
612,14,2016-12-19,228,229.2,225.95,227.10001,830400,227.10001
613,14,2016-12-16,231,231,226,226.55,531900,226.55
614,14,2016-12-15,232.95,234.10001,228.55,229.8,569400,229.8
615,14,2016-12-14,236,236.45,231.89999,233.10001,514400,233.10001
616,14,2016-12-13,233,236.8,232.39999,235.3,501400,235.3
617,14,2016-12-12,236,236,232.3,232.55,205600,232.55
618,14,2016-12-09,234,239.39999,232.64999,235.8,692000,235.8
619,15,2017-03-07,1481.95,1491.4,1478.1,1484.65,67200,1484.65
620,15,2017-03-06,1468,1484.95,1468,1482.1,74600,1482.1
621,15,2017-03-03,1470,1477.95,1460.25,1469.05,72200,1469.05
622,15,2017-03-02,1480.1,1495,1471.1,1475,128400,1475
623,15,2017-03-01,1470.2,1485,1470.2,1475.3,106200,1475.3
624,15,2017-02-28,1468.2,1487,1465.5,1470.25,84000,1470.25
625,15,2017-02-27,1494,1499,1461.6,1468.25,81400,1468.25
626,15,2017-02-24,1486.05,1486.05,1486.05,1486.05,0,1486.05
627,15,2017-02-23,1475,1504.75,1470,1486.05,162800,1486.05
628,15,2017-02-22,1483,1489,1473.35,1477.25,107600,1477.25
629,15,2017-02-21,1482.9,1490,1478.55,1482.95,41000,1482.95
630,15,2017-02-20,1480,1490.5,1476,1481.65,69300,1481.65
631,15,2017-02-17,1471.9,1485,1465.05,1478,79500,1478
632,15,2017-02-16,1480.1,1485.8,1462,1470.4,119100,1470.4
633,15,2017-02-15,1492.9,1504.95,1477,1480.1,118900,1480.1
634,15,2017-02-14,1503,1504,1486.55,1492.9,56100,1492.9
635,15,2017-02-13,1505,1508.15,1482.6,1497.25,73400,1497.25
636,15,2017-02-10,1495,1507.7,1492.5,1501.1,82000,1501.1
637,15,2017-02-09,1505.7,1510,1479.05,1489.1,114700,1489.1
638,15,2017-02-08,1501.5,1507.5,1487.45,1502.85,154900,1502.85
639,15,2017-02-07,1482.8,1505,1473.1,1500.05,175000,1500.05
640,15,2017-02-06,1490,1500,1479.05,1484.95,127700,1484.95
641,15,2017-02-03,1475,1487.95,1457.1,1479.45,104300,1479.45
642,15,2017-02-02,1480.1,1491.95,1468,1473.3,89400,1473.3
643,15,2017-02-01,1444.75,1493.5,1444.75,1490.75,340200,1490.75
644,15,2017-01-31,1444.9,1454.9,1426.95,1444.75,106700,1444.75
645,15,2017-01-30,1447,1466.5,1437,1443.35,148600,1443.35
646,15,2017-01-27,1451,1469.5,1435.05,1439.65,136400,1439.65
647,15,2017-01-26,1449.45,1449.45,1449.45,1449.45,0,1449.45
648,15,2017-01-25,1420.05,1453.2,1420.05,1449.45,119500,1449.45
649,15,2017-01-24,1395,1422.75,1395,1419.65,91900,1419.65
650,15,2017-01-23,1415.9,1416,1383,1393.5,128300,1393.5
651,15,2017-01-20,1449,1453,1410,1414.55,93900,1414.55
652,15,2017-01-19,1450,1463,1442.1,1445.5,65400,1445.5
653,15,2017-01-18,1445,1469.7,1445,1450.75,102900,1450.75
654,15,2017-01-17,1443,1459.5,1441.1,1446.35,120200,1446.35
655,15,2017-01-16,1435.1,1449.75,1433,1442.6,50700,1442.6
656,15,2017-01-13,1457,1459.95,1432.65,1438.4,105300,1438.4
657,15,2017-01-12,1412.8,1451,1412.8,1449.1,226000,1449.1
658,15,2017-01-11,1396,1417.4,1395.9,1412.8,405400,1412.8
659,15,2017-01-10,1376,1393,1376,1386.35,88700,1386.35
660,15,2017-01-09,1391,1397.45,1376,1380.65,38400,1380.65
661,15,2017-01-06,1398,1403.5,1388,1391.15,83100,1391.15
662,15,2017-01-05,1383,1397,1378,1393.95,139300,1393.95
663,15,2017-01-04,1370.55,1382,1370,1376,68200,1376
664,15,2017-01-03,1360.8,1374.9,1352.1,1368,134400,1368
665,15,2017-01-02,1350,1367.95,1350,1360.8,76600,1360.8
666,15,2016-12-30,1350,1356,1343.45,1349.4,55900,1349.4
667,15,2016-12-29,1338,1355,1332.45,1341.35,85000,1341.35
668,15,2016-12-28,1355,1363,1345,1350.65,82300,1350.65
669,15,2016-12-27,1338,1358.5,1330,1354.45,309400,1354.45
670,15,2016-12-26,1334,1342,1319.5,1337.6,79800,1337.6
671,15,2016-12-23,1316.4,1340,1302,1336.95,106600,1336.95
672,15,2016-12-22,1342,1345,1313.8,1316.4,104400,1316.4
673,15,2016-12-21,1355,1360.5,1340,1342.35,55400,1342.35
674,15,2016-12-20,1345,1359.8,1341.25,1353.05,64800,1353.05
675,15,2016-12-19,1360,1360,1341.1,1345.1,66500,1345.1
676,15,2016-12-16,1358.3,1363.45,1353,1358.9,63600,1358.9
677,15,2016-12-15,1354.8,1366.75,1349.1,1358.25,75400,1358.25
678,15,2016-12-14,1371.05,1379,1357.95,1360.3,75200,1360.3
679,15,2016-12-13,1374,1379.9,1365.7,1375.4,63200,1375.4
680,15,2016-12-12,1361.5,1375.05,1356.05,1365,74000,1365
681,15,2016-12-09,1374,1374,1358,1361.45,54000,1361.45
682,16,2017-03-07,1476.05,1479.5,1441.65,1455.5,66200,1455.5
683,16,2017-03-06,1474,1483,1465,1475.6,49800,1475.6
684,16,2017-03-03,1460,1477,1456.15,1471.25,35600,1471.25
685,16,2017-03-02,1474.7,1482.4,1453,1461,114100,1461
686,16,2017-03-01,1480,1480,1466,1469.45,41800,1469.45
687,16,2017-02-28,1464,1477.5,1461.25,1472.45,64900,1472.45
688,16,2017-02-27,1450,1469,1450,1463.8,109200,1463.8
689,16,2017-02-24,1453.35,1453.35,1453.35,1453.35,0,1453.35
690,16,2017-02-23,1452,1464.85,1446.45,1453.35,55200,1453.35
691,16,2017-02-22,1474.95,1476.5,1448,1454.6,55100,1454.6
692,16,2017-02-21,1464.85,1472.45,1457.25,1469.1,54300,1469.1
693,16,2017-02-20,1468,1468,1449.55,1461.75,69900,1461.75
694,16,2017-02-17,1449,1465,1445.75,1457.9,79200,1457.9
695,16,2017-02-16,1437,1448.8,1425,1440.15,132500,1440.15
696,16,2017-02-15,1440,1441.15,1428,1432,96500,1432
697,16,2017-02-14,1448,1452.25,1430,1435.35,72300,1435.35
698,16,2017-02-13,1472,1478.95,1445,1447.5,91800,1447.5
699,16,2017-02-10,1510,1510,1459.95,1464.6,171900,1464.6
700,16,2017-02-09,1500,1520,1478.7,1495.35,254700,1495.35
701,16,2017-02-08,1482,1492,1468.6,1487.7,47000,1487.7
702,16,2017-02-07,1500,1512,1462.25,1468.4,109300,1468.4
703,16,2017-02-06,1505,1572.25,1486.25,1494.3,234500,1494.3
704,16,2017-02-03,1485,1505.35,1479.05,1490.65,42500,1490.65
705,16,2017-02-02,1472.15,1492,1450.15,1483.55,59100,1483.55
706,16,2017-02-01,1489.9,1489.9,1436,1472.15,84500,1472.15
707,16,2017-01-31,1500,1507,1470,1474.25,31800,1474.25
708,16,2017-01-30,1495,1508,1486.55,1496.6,33600,1496.6
709,16,2017-01-27,1515,1516.25,1488,1491.5,145100,1491.5
710,16,2017-01-26,1518.45,1518.45,1518.45,1518.45,0,1518.45
711,16,2017-01-25,1507,1527.1,1503.05,1518.45,44100,1518.45
712,16,2017-01-24,1489,1508.95,1480.45,1503.8,38300,1503.8
713,16,2017-01-23,1455,1494,1450.75,1482.5,55200,1482.5
714,16,2017-01-20,1479,1489.6,1455,1461.8,56400,1461.8
715,16,2017-01-19,1493.65,1505,1475,1478.6,59500,1478.6
716,16,2017-01-18,1490,1509.8,1490,1497.75,58200,1497.75
717,16,2017-01-17,1509,1509,1491.65,1496.85,47000,1496.85
718,16,2017-01-16,1500,1513,1495,1508.45,70900,1508.45
719,16,2017-01-13,1516.4,1516.4,1489,1494.7,58600,1494.7
720,16,2017-01-12,1508,1520,1485.25,1489.45,112600,1489.45
721,16,2017-01-11,1491,1525.9,1491,1520.3,138200,1520.3
722,16,2017-01-10,1487,1501.8,1483.3,1487.55,80100,1487.55
723,16,2017-01-09,1514,1519.95,1487,1490.65,55800,1490.65
724,16,2017-01-06,1517.3,1526.8,1506.9,1512.4,59900,1512.4
725,16,2017-01-05,1493,1517.75,1487.05,1511.15,50700,1511.15
726,16,2017-01-04,1513.35,1515,1487.85,1494.4,36100,1494.4
727,16,2017-01-03,1510,1511.9,1492.6,1505.85,40000,1505.85
728,16,2017-01-02,1495.9,1508.55,1477.7,1504.35,41800,1504.35
729,16,2016-12-30,1469.95,1490,1469.95,1483.7,35000,1483.7
730,16,2016-12-29,1456,1468.65,1452.2,1466.3,107700,1466.3
731,16,2016-12-28,1450,1467,1448.55,1452.15,32400,1452.15
732,16,2016-12-27,1424,1447.9,1405,1443.1,71500,1443.1
733,16,2016-12-26,1446.05,1463.15,1399,1405.1,84600,1405.1
734,16,2016-12-23,1451.45,1460,1440,1445.35,35200,1445.35
735,16,2016-12-22,1465.8,1466.9,1443.4,1448.8,40100,1448.8
736,16,2016-12-21,1456,1474,1446,1465.95,37300,1465.95
737,16,2016-12-20,1482.85,1487.05,1445.1,1449,75100,1449
738,16,2016-12-19,1467.5,1493.8,1460,1474.7,40400,1474.7
739,16,2016-12-16,1490,1490,1462.6,1468.55,43700,1468.55
740,16,2016-12-15,1484.75,1490.45,1471.05,1479.35,51200,1479.35
741,16,2016-12-14,1509,1509,1482.4,1486.15,34400,1486.15
742,16,2016-12-13,1510,1510,1478.8,1492.1,93800,1492.1
743,16,2016-12-12,1514.9,1522.85,1494.9,1502.8,27300,1502.8
744,16,2016-12-09,1529.1,1529.1,1505.05,1515.8,35700,1515.8
745,17,2017-03-07,30.76,31.02,30.559999,30.809999,6058600,30.809999
746,17,2017-03-06,31.32,31.35,30.209999,30.690001,10970400,30.690001
747,17,2017-03-03,32.939999,33.169998,31.18,31.77,13194700,31.77
748,17,2017-03-02,33.130001,33.32,32.959999,33.220001,4488100,33.220001
749,17,2017-03-01,33.48,33.669998,32.880001,32.950001,6057400,32.950001
750,17,2017-02-28,33.150002,33.240002,32.66,33.220001,10102200,33.220001
751,17,2017-02-27,33.150002,33.73,33.110001,33.57,6123500,33.57
752,17,2017-02-24,32.48,33.560001,32.27,33.169998,8145100,33.169998
753,17,2017-02-23,32.48,33.09,32.27,32.439999,8940800,32.439999
754,17,2017-02-22,32.299999,32.84,32.110001,32.360001,9380100,32.360001
755,17,2017-02-21,33.09,33.490002,32.130001,32.290001,16032300,32.290001
756,17,2017-02-17,31.959999,32.310001,31.860001,32.299999,8154100,32.299999
757,17,2017-02-16,32.700001,32.869999,31.719999,31.82,8807300,31.82
758,17,2017-02-15,32.889999,33.02,32.41,32.740002,7304900,32.740002
759,17,2017-02-14,32.610001,32.990002,32.5,32.68,7536800,32.68
760,17,2017-02-13,33.07,33.23,32.43,32.580002,14036800,32.580002
761,17,2017-02-10,32.439999,32.880001,31.549999,31.99,7891300,31.99
762,17,2017-02-09,31.98,32.650002,31.639999,32.369999,7600200,32.369999
763,17,2017-02-08,31.049999,31.98,30.809999,31.98,6872700,31.98
764,17,2017-02-07,31.74,32.150002,31.02,31.200001,10410700,31.200001
765,17,2017-02-06,32.639999,32.790001,31.639999,31.790001,14467600,31.790001
766,17,2017-02-03,30.690001,34.369999,30.110001,32.689999,47441400,32.689999
767,17,2017-02-02,30.32,31.059999,29.9,30.719999,16449700,30.719999
768,17,2017-02-01,29.32,29.57,29.120001,29.209999,5049800,29.209999
769,17,2017-01-31,28.85,29.58,28.74,29.540001,9010100,29.540001
770,17,2017-01-30,29.07,29.530001,29.030001,29.52,5385400,29.52
771,17,2017-01-27,29.950001,29.969999,28.700001,29.110001,9912400,29.110001
772,17,2017-01-26,30.18,30.34,29.809999,29.92,4347300,29.92
773,17,2017-01-25,30.16,30.4,29.93,30.15,6080700,30.15
774,17,2017-01-24,29.52,30.030001,29.52,29.98,5011000,29.98
775,17,2017-01-23,29.48,29.92,29.35,29.629999,4645600,29.629999
776,17,2017-01-20,29.57,29.85,29.459999,29.700001,6992200,29.700001
777,17,2017-01-19,29.5,29.83,29.27,29.450001,7438900,29.450001
778,17,2017-01-18,30.01,30.01,28.549999,29.440001,13207300,29.440001
779,17,2017-01-17,29.91,30.6,29.870001,29.9,8766000,29.9
780,17,2017-01-13,29.92,30,29.66,29.879999,5850700,29.879999
781,17,2017-01-12,29.83,30.190001,29.700001,29.98,6337800,29.98
782,17,2017-01-11,30.5,30.530001,29.75,29.950001,8783400,29.950001
783,17,2017-01-10,30.639999,30.68,30.120001,30.299999,10654200,30.299999
784,17,2017-01-09,30.879999,30.99,30.35,30.459999,9228200,30.459999
785,17,2017-01-06,30.82,31.52,30.549999,30.82,11468500,30.82
786,17,2017-01-05,31.57,31.85,30.51,30.860001,29224100,30.860001
787,17,2017-01-04,35.509998,36.400002,35.48,35.84,7997200,35.84
788,17,2017-01-03,36.130001,36.200001,34.790001,35.23,9745800,35.23
789,17,2016-12-30,36.360001,36.5,35.610001,35.810001,3780400,35.810001
790,17,2016-12-29,36.240002,36.599998,35.919998,36.290001,3121300,36.290001
791,17,2016-12-28,36.610001,36.93,36.119999,36.279999,3508300,36.279999
792,17,2016-12-27,36.669998,37.23,36.27,36.529999,4670100,36.529999
793,17,2016-12-23,36.279999,36.93,36.259998,36.48,4266600,36.48
794,17,2016-12-22,37.529999,37.669998,36.049999,36.169998,6756100,36.169998
795,17,2016-12-21,37.860001,37.970001,37.48,37.509998,2991200,37.509998
796,17,2016-12-20,37.25,38.16,37.25,37.950001,6167100,37.950001
797,17,2016-12-19,37.360001,37.880001,36.939999,37,7911100,37
798,17,2016-12-16,39.77,39.779999,37.32,37.470001,12889800,37.470001
799,17,2016-12-15,40.09,40.66,40.049999,40.139999,6317000,40.139999
800,17,2016-12-14,40.580002,40.919998,40.139999,40.16,4294600,40.16
801,17,2016-12-13,40.25,40.919998,39.990002,40.709999,5360100,40.709999
802,17,2016-12-12,42.240002,42.299999,40.369999,40.459999,8359100,40.081999
803,17,2016-12-09,43.040001,43.080002,42.169998,42.439999,3613200,42.043501
804,18,2017-03-07,5936,5954.75,5880,5886.05,55200,5886.05
805,18,2017-03-06,5910,5979.35,5910,5936.6,42000,5936.6
806,18,2017-03-03,5919,5925,5875.8,5891.8,26100,5891.8
807,18,2017-03-02,5952,5997.45,5901,5918.8,28900,5918.8
808,18,2017-03-01,5972,5997,5892,5921,37900,5921
809,18,2017-02-28,5954,5998,5913.1,5922.85,39700,5922.85
810,18,2017-02-27,6025,6051,5940,5951.55,33700,5951.55
811,18,2017-02-24,6034.7,6034.7,6034.7,6034.7,0,6034.7
812,18,2017-02-23,6099,6099,6015.1,6034.7,152300,6034.7
813,18,2017-02-22,6070,6118,6043.6,6079.3,46900,6079.3
814,18,2017-02-21,6080,6086,6047.4,6062.7,23700,6062.7
815,18,2017-02-20,5990,6120,5915.65,6091.9,46300,6091.9
816,18,2017-02-17,6045,6054.95,5960,5989,30600,5989
817,18,2017-02-16,5865,6040,5865,6027.05,45600,6027.05
818,18,2017-02-15,5940.15,5955.75,5845.5,5860.5,45400,5860.5
819,18,2017-02-14,6026,6037,5925,5938.8,33300,5938.8
820,18,2017-02-13,6120,6134.95,6006,6022.55,31400,6022.55
821,18,2017-02-10,6169,6170,6092.8,6110.8,21800,6110.8
822,18,2017-02-09,6199,6202.1,6112,6155.65,44100,6155.65
823,18,2017-02-08,6220,6230.3,6164.55,6193.7,38400,6193.7
824,18,2017-02-07,6169,6221.45,6144.05,6205.9,33500,6205.9
825,18,2017-02-06,6132.25,6185.85,6123.05,6151.2,44300,6151.2
826,18,2017-02-03,6150,6155,6098.2,6118,22700,6118
827,18,2017-02-02,6180,6216.35,6132,6144.85,50300,6144.85
828,18,2017-02-01,5898,6194.9,5890,6172.85,162400,6172.85
829,18,2017-01-31,5900.95,5934.9,5876,5896.5,31100,5896.5
830,18,2017-01-30,5919,5936.5,5893.55,5900.95,18300,5900.95
831,18,2017-01-27,5801,5933,5801,5921.5,89100,5921.5
832,18,2017-01-26,5796.8,5796.8,5796.8,5796.8,0,5796.8
833,18,2017-01-25,5755,5820.75,5718.5,5796.8,108300,5796.8
834,18,2017-01-24,5705,5743.35,5688,5739.15,21500,5739.15
835,18,2017-01-23,5662,5710.15,5648,5703.8,16000,5703.8
836,18,2017-01-20,5720,5743.95,5644,5672.15,31000,5672.15
837,18,2017-01-19,5678,5727.05,5675,5714.3,17800,5714.3
838,18,2017-01-18,5689.85,5716.5,5666,5677.15,21500,5677.15
839,18,2017-01-17,5700,5718.45,5652.75,5666.5,47000,5666.5
840,18,2017-01-16,5700,5719.35,5663,5688.65,29100,5688.65
841,18,2017-01-13,5790,5796,5688.05,5701.1,29900,5701.1
842,18,2017-01-12,5787,5790,5735,5785.35,737600,5785.35
843,18,2017-01-11,5694.75,5767,5694.75,5752.2,43400,5752.2
844,18,2017-01-10,5662,5690.5,5641.25,5675.35,27100,5675.35
845,18,2017-01-09,5625,5678.3,5611,5648.15,30800,5648.15
846,18,2017-01-06,5646,5662.85,5585.6,5613.1,125600,5613.1
847,18,2017-01-05,5530,5646.5,5513.45,5635.15,113100,5635.15
848,18,2017-01-04,5525,5555,5491.2,5509.55,29000,5509.55
849,18,2017-01-03,5470,5524.4,5430.85,5510.3,47300,5510.3
850,18,2017-01-02,5348.85,5479.5,5270,5466.1,77000,5466.1
851,18,2016-12-30,5353,5374.2,5311,5323,41700,5323
852,18,2016-12-29,5234,5340,5218,5312.3,35500,5312.3
853,18,2016-12-28,5265,5276,5218.2,5230.85,45700,5230.85
854,18,2016-12-27,5190.4,5250,5116.9,5226.9,40200,5226.9
855,18,2016-12-26,5189,5258,5155,5164.85,50200,5164.85
856,18,2016-12-23,5052.15,5220,5042.5,5193.25,144300,5193.25
857,18,2016-12-22,5149.5,5150,5052.45,5084.25,44200,5084.25
858,18,2016-12-21,5145,5170.95,5076,5144.65,22000,5144.65
859,18,2016-12-20,5130,5148,5074.15,5102.35,27800,5102.35
860,18,2016-12-19,5150,5192.2,5107.5,5120.1,22200,5120.1
861,18,2016-12-16,5161.5,5205,5151.35,5183.75,28500,5183.75
862,18,2016-12-15,5080,5195,5080,5151.75,32700,5151.75
863,18,2016-12-14,5171.25,5211.95,5131.9,5142.1,25000,5142.1
864,18,2016-12-13,5170,5205,5140.65,5160.85,28500,5160.85
865,18,2016-12-12,5235,5235,5122,5145.95,29600,5145.95
866,18,2016-12-09,5265,5312.25,5201.5,5235.8,45500,5235.8
867,19,2017-03-07,5936,5954.75,5880,5886.05,55200,5886.05
868,19,2017-03-06,5910,5979.35,5910,5936.6,42000,5936.6
869,19,2017-03-03,5919,5925,5875.8,5891.8,26100,5891.8
870,19,2017-03-02,5952,5997.45,5901,5918.8,28900,5918.8
871,19,2017-03-01,5972,5997,5892,5921,37900,5921
872,19,2017-02-28,5954,5998,5913.1,5922.85,39700,5922.85
873,19,2017-02-27,6025,6051,5940,5951.55,33700,5951.55
874,19,2017-02-24,6034.7,6034.7,6034.7,6034.7,0,6034.7
875,19,2017-02-23,6099,6099,6015.1,6034.7,152300,6034.7
876,19,2017-02-22,6070,6118,6043.6,6079.3,46900,6079.3
877,19,2017-02-21,6080,6086,6047.4,6062.7,23700,6062.7
878,19,2017-02-20,5990,6120,5915.65,6091.9,46300,6091.9
879,19,2017-02-17,6045,6054.95,5960,5989,30600,5989
880,19,2017-02-16,5865,6040,5865,6027.05,45600,6027.05
881,19,2017-02-15,5940.15,5955.75,5845.5,5860.5,45400,5860.5
882,19,2017-02-14,6026,6037,5925,5938.8,33300,5938.8
883,19,2017-02-13,6120,6134.95,6006,6022.55,31400,6022.55
884,19,2017-02-10,6169,6170,6092.8,6110.8,21800,6110.8
885,19,2017-02-09,6199,6202.1,6112,6155.65,44100,6155.65
886,19,2017-02-08,6220,6230.3,6164.55,6193.7,38400,6193.7
887,19,2017-02-07,6169,6221.45,6144.05,6205.9,33500,6205.9
888,19,2017-02-06,6132.25,6185.85,6123.05,6151.2,44300,6151.2
889,19,2017-02-03,6150,6155,6098.2,6118,22700,6118
890,19,2017-02-02,6180,6216.35,6132,6144.85,50300,6144.85
891,19,2017-02-01,5898,6194.9,5890,6172.85,162400,6172.85
892,19,2017-01-31,5900.95,5934.9,5876,5896.5,31100,5896.5
893,19,2017-01-30,5919,5936.5,5893.55,5900.95,18300,5900.95
894,19,2017-01-27,5801,5933,5801,5921.5,89100,5921.5
895,19,2017-01-26,5796.8,5796.8,5796.8,5796.8,0,5796.8
896,19,2017-01-25,5755,5820.75,5718.5,5796.8,108300,5796.8
897,19,2017-01-24,5705,5743.35,5688,5739.15,21500,5739.15
898,19,2017-01-23,5662,5710.15,5648,5703.8,16000,5703.8
899,19,2017-01-20,5720,5743.95,5644,5672.15,31000,5672.15
900,19,2017-01-19,5678,5727.05,5675,5714.3,17800,5714.3
901,19,2017-01-18,5689.85,5716.5,5666,5677.15,21500,5677.15
902,19,2017-01-17,5700,5718.45,5652.75,5666.5,47000,5666.5
903,19,2017-01-16,5700,5719.35,5663,5688.65,29100,5688.65
904,19,2017-01-13,5790,5796,5688.05,5701.1,29900,5701.1
905,19,2017-01-12,5787,5790,5735,5785.35,737600,5785.35
906,19,2017-01-11,5694.75,5767,5694.75,5752.2,43400,5752.2
907,19,2017-01-10,5662,5690.5,5641.25,5675.35,27100,5675.35
908,19,2017-01-09,5625,5678.3,5611,5648.15,30800,5648.15
909,19,2017-01-06,5646,5662.85,5585.6,5613.1,125600,5613.1
910,19,2017-01-05,5530,5646.5,5513.45,5635.15,113100,5635.15
911,19,2017-01-04,5525,5555,5491.2,5509.55,29000,5509.55
912,19,2017-01-03,5470,5524.4,5430.85,5510.3,47300,5510.3
913,19,2017-01-02,5348.85,5479.5,5270,5466.1,77000,5466.1
914,19,2016-12-30,5353,5374.2,5311,5323,41700,5323
915,19,2016-12-29,5234,5340,5218,5312.3,35500,5312.3
916,19,2016-12-28,5265,5276,5218.2,5230.85,45700,5230.85
917,19,2016-12-27,5190.4,5250,5116.9,5226.9,40200,5226.9
918,19,2016-12-26,5189,5258,5155,5164.85,50200,5164.85
919,19,2016-12-23,5052.15,5220,5042.5,5193.25,144300,5193.25
920,19,2016-12-22,5149.5,5150,5052.45,5084.25,44200,5084.25
921,19,2016-12-21,5145,5170.95,5076,5144.65,22000,5144.65
922,19,2016-12-20,5130,5148,5074.15,5102.35,27800,5102.35
923,19,2016-12-19,5150,5192.2,5107.5,5120.1,22200,5120.1
924,19,2016-12-16,5161.5,5205,5151.35,5183.75,28500,5183.75
925,19,2016-12-15,5080,5195,5080,5151.75,32700,5151.75
926,19,2016-12-14,5171.25,5211.95,5131.9,5142.1,25000,5142.1
927,19,2016-12-13,5170,5205,5140.65,5160.85,28500,5160.85
928,19,2016-12-12,5235,5235,5122,5145.95,29600,5145.95
929,19,2016-12-09,5265,5312.25,5201.5,5235.8,45500,5235.8
930,20,2017-03-07,194.45,196.75,193.95,196.25,1165000,196.25
931,20,2017-03-06,193.5,194.65,193.05,193.8,308300,193.8
932,20,2017-03-03,192,193.6,191.7,193,365300,193
933,20,2017-03-02,195.05,195.05,192.05,192.65,282000,192.65
934,20,2017-03-01,197,197,193.55,193.85,744300,193.85
935,20,2017-02-28,197.3,197.9,192.7,193.4,795600,193.4
936,20,2017-02-27,196.3,197.95,193.9,194.45,550400,194.45
937,20,2017-02-24,195.65,195.65,195.65,195.65,0,195.65
938,20,2017-02-23,196.25,196.9,194.25,195.65,513700,195.65
939,20,2017-02-22,198,198.5,195,195.6,700800,195.6
940,20,2017-02-21,195.85,196.75,194.5,196.25,287300,196.25
941,20,2017-02-20,195,196.3,192.5,194.7,1020300,194.7
942,20,2017-02-17,194.6,195.1,193.55,194.3,233800,194.3
943,20,2017-02-16,195.95,196.15,193.8,194.1,303800,194.1
944,20,2017-02-15,196.5,197.65,194,194.5,499200,194.5
945,20,2017-02-14,192.25,196,192.1,195.55,1073600,195.55
946,20,2017-02-13,194,194.45,191,192.1,558300,192.1
947,20,2017-02-10,193.15,195.45,193.1,193.4,420900,193.4
948,20,2017-02-09,195,196.25,192.5,192.95,382800,192.95
949,20,2017-02-08,194,195.9,192.7,194.35,403500,194.35
950,20,2017-02-07,198.5,199.4,192.8,193.3,1270900,193.3
951,20,2017-02-06,202,202.6,198.7,199,942100,196.75
952,20,2017-02-03,201.3,203.15,200.5,200.95,330300,198.678
953,20,2017-02-02,201.9,204.5,200.3,200.9,623400,198.6285
954,20,2017-02-01,205.5,205.5,199.65,200.25,934200,197.9859
955,20,2017-01-31,210,212,201,202.15,2426200,199.8644
956,20,2017-01-30,205.95,205.95,200.7,201.65,577300,199.37
957,20,2017-01-27,205.1,207.9,203.2,204.55,924000,202.2373
958,20,2017-01-26,204.2,204.2,204.2,204.2,0,201.8912
959,20,2017-01-25,202.5,204.7,202,204.2,342800,201.8912
960,20,2017-01-24,201,202.1,199.8,201.6,421300,199.3206
961,20,2017-01-23,197.5,201.6,197.5,199.8,362000,197.541
962,20,2017-01-20,200.95,201.85,195.9,197.4,327900,195.1681
963,20,2017-01-19,198,201.5,197.5,201.05,540800,198.7768
964,20,2017-01-18,196,198.2,193.3,197.85,961100,195.613
965,20,2017-01-17,199,199.75,193.45,194.9,458800,192.6964
966,20,2017-01-16,201.9,201.9,198,198.35,298600,196.1074
967,20,2017-01-13,203,204,200.2,201,694500,198.7274
968,20,2017-01-12,198.1,208,197.65,199.2,802900,196.9477
969,20,2017-01-11,199.9,199.95,197,197.55,681000,195.3164
970,20,2017-01-10,199.8,202.9,197.05,197.9,975000,195.6624
971,20,2017-01-09,204.5,205,197.75,198.05,285100,195.8107
972,20,2017-01-06,200.9,206.65,200.35,202.45,511900,200.161
973,20,2017-01-05,197,200.05,195.35,199.65,489900,197.3926
974,20,2017-01-04,193.7,196.7,192.7,194.35,438500,192.1526
975,20,2017-01-03,192.9,193.55,191.1,192.8,258600,190.6201
976,20,2017-01-02,191.45,193.05,191.4,192.4,310400,190.2246
977,20,2016-12-30,193.8,193.8,190.4,191.45,216200,189.2854
978,20,2016-12-29,189.95,193.2,189.85,191.55,1450400,189.3842
979,20,2016-12-28,189.5,191.8,189.25,189.7,1752100,187.5551
980,20,2016-12-27,191,191,187.6,190.5,1710500,188.3461
981,20,2016-12-26,192,192.3,188.45,189,344500,186.8631
982,20,2016-12-23,196.25,197.35,192.6,193,546600,190.8178
983,20,2016-12-22,203,203,194.5,195.35,277200,193.1413
984,20,2016-12-21,199.9,202.35,199.8,201.45,594200,199.1723
985,20,2016-12-20,201.5,201.5,197.5,199.9,335900,197.6398
986,20,2016-12-19,203.5,203.6,200.5,201.45,1490000,199.1723
987,20,2016-12-16,207.9,208,201.15,201.7,327800,199.4195
988,20,2016-12-15,202,208.55,201.45,206.45,806800,204.1158
989,20,2016-12-14,208.667,208.667,202.833,203.7,5522400,134.2646
990,20,2016-12-13,210,210,205.8,207.9,1014600,137.0329
991,20,2016-12-12,206.133,209.633,206.133,207.533,3161400,136.791
992,20,2016-12-09,202.933,205.2,202.667,204.6,1997700,134.8578
993,21,2017-03-07,191.5,195.8,191.5,194.55,107500,194.55
994,21,2017-03-06,191.05,196.15,191,193.9,198500,193.9
995,21,2017-03-03,189.2,191.4,188.05,190.9,155500,190.9
996,21,2017-03-02,193.5,193.5,188.8,189.75,179400,189.75
997,21,2017-03-01,192.7,195.8,191.9,192.55,117400,192.55
998,21,2017-02-28,191,194.8,191,192,249700,192
999,21,2017-02-27,199,199.35,192.1,192.85,279500,192.85
1000,21,2017-02-24,199.1,199.1,199.1,199.1,0,199.1
1001,21,2017-02-23,201.3,202.15,198.6,199.1,197700,199.1
1002,21,2017-02-22,208.2,209,200.5,201.3,445000,201.3
1003,21,2017-02-21,207,207.3,204.6,205.8,92900,205.8
1004,21,2017-02-20,203.45,207.4,201.9,206.4,242300,206.4
1005,21,2017-02-17,200.6,203.2,200.35,202.45,132100,202.45
1006,21,2017-02-16,201,202.35,199.2,200.8,79600,200.8
1007,21,2017-02-15,201.2,202.6,199.8,201.25,5347900,200.25
1008,21,2017-02-14,203.1,204,200.15,200.6,2068700,199.6
1009,21,2017-02-13,203,203.85,199.5,203.05,134100,202.04
1010,21,2017-02-10,206,206,199.05,199.85,863800,198.86
1011,21,2017-02-09,203.3,205.5,201,202.05,450000,201.05
1012,21,2017-02-08,203,203,198.35,201.1,183100,200.1
1013,21,2017-02-07,200,203.5,199.55,200.35,111400,199.35
1014,21,2017-02-06,202.05,204,199.7,201.3,153800,200.3
1015,21,2017-02-03,204.15,205.75,201,201.7,98100,200.7
1016,21,2017-02-02,205.8,205.8,203.45,203.8,162300,202.79
1017,21,2017-02-01,208,208.6,204.8,205.8,143800,204.78
1018,21,2017-01-31,205.1,208.85,204.75,206.55,202300,205.52
1019,21,2017-01-30,204.55,206.5,203.45,205,145700,203.98
1020,21,2017-01-27,205,206.9,202.8,204.6,241600,203.58
1021,21,2017-01-26,203.1,203.1,203.1,203.1,0,202.09
1022,21,2017-01-25,204,204,202,203.1,2040800,202.09
1023,21,2017-01-24,200.2,204.75,200.2,203.25,156100,202.24
1024,21,2017-01-23,200,202.15,199,200.1,82300,199.11
1025,21,2017-01-20,202.5,202.6,197.5,199.05,165200,198.06
1026,21,2017-01-19,198,203.5,197.3,202,1734400,201
1027,21,2017-01-18,197.75,199.5,197.05,198.45,214600,197.46
1028,21,2017-01-17,199.2,200.6,195.3,197.65,133000,196.67
1029,21,2017-01-16,196.9,201,196.9,199.2,152600,198.21
1030,21,2017-01-13,199.8,199.8,196,197.2,109500,196.22
1031,21,2017-01-12,190.05,199.7,189.6,197.6,1132900,196.62
1032,21,2017-01-11,187,191.4,185.8,189.75,168900,188.81
1033,21,2017-01-10,186,188.4,185,186.6,125400,185.67
1034,21,2017-01-09,189.85,189.85,185.15,186.25,86900,185.32
1035,21,2017-01-06,191.3,192.75,188.3,188.75,107900,187.81
1036,21,2017-01-05,188.5,191.25,186.7,190.8,106500,189.85
1037,21,2017-01-04,188,189.1,185.5,186.15,1073600,185.23
1038,21,2017-01-03,184.7,188.35,184.65,188,569000,187.07
1039,21,2017-01-02,183,185.1,182.9,183.45,74000,182.54
1040,21,2016-12-30,180.5,184.9,180.5,183.45,95700,182.54
1041,21,2016-12-29,179.25,181.5,179.05,179.6,122100,178.71
1042,21,2016-12-28,181,183,179.05,180,163300,179.11
1043,21,2016-12-27,179,181.75,176.65,181.1,137300,180.2
1044,21,2016-12-26,182,182,178.1,178.65,79500,177.76
1045,21,2016-12-23,181.5,182.8,179,182.4,477900,181.49
1046,21,2016-12-22,183.3,183.35,181.1,181.9,67600,181
1047,21,2016-12-21,181.8,183.8,181.8,183.4,68000,182.49
1048,21,2016-12-20,185.25,185.25,181.75,182.05,129400,181.15
1049,21,2016-12-19,184,184.8,182.8,184.15,93200,183.23
1050,21,2016-12-16,183.05,186.2,181.85,184.15,286300,183.23
1051,21,2016-12-15,181,185.65,180.65,183.35,140800,182.44
1052,21,2016-12-14,185.25,185.4,181.5,181.9,121100,181
1053,21,2016-12-13,184.5,186.45,183.4,185.2,144500,184.28
1054,21,2016-12-12,185,185.65,183.65,184.9,89500,183.98
1055,21,2016-12-09,186,186,184.1,184.55,141900,183.63
1056,22,2017-03-07,1316.15,1326.75,1296.6,1304.8,1137600,1304.8
1057,22,2017-03-06,1268,1309.9,1265.45,1304.9,1196100,1304.9
1058,22,2017-03-03,1237,1287.8,1237,1258.45,1194000,1258.45
1059,22,2017-03-02,1236,1254,1225.65,1233.25,410800,1233.25
1060,22,2017-03-01,1242,1244.9,1230.25,1234.15,822800,1234.15
1061,22,2017-02-28,1237.8,1247.85,1228.55,1238.25,1730900,1238.25
1062,22,2017-02-27,1187,1256.5,1187,1238.6,1340800,1238.6
1063,22,2017-02-24,1182.6,1182.6,1182.6,1182.6,0,1182.6
1064,22,2017-02-23,1213.9,1222.3,1179.2,1182.6,1089200,1182.6
1065,22,2017-02-22,1092.05,1212,1092.05,1207.65,3331400,1207.65
1066,22,2017-02-21,1072.3,1090.55,1072.3,1088.25,280100,1088.25
1067,22,2017-02-20,1070,1077,1066.25,1073.7,229500,1073.7
1068,22,2017-02-17,1066,1077.9,1059,1075.35,315000,1075.35
1069,22,2017-02-16,1052,1067,1052,1064.95,196500,1064.95
1070,22,2017-02-15,1053,1057.5,1046.05,1050.9,227900,1050.9
1071,22,2017-02-14,1033.35,1052.5,1031.2,1048.25,273000,1048.25
1072,22,2017-02-13,1034,1035,1022,1028.35,189100,1028.35
1073,22,2017-02-10,1035,1035.9,1025.95,1030.3,136500,1030.3
1074,22,2017-02-09,1026,1034.45,1026,1032.7,141700,1032.7
1075,22,2017-02-08,1031.15,1038.45,1023,1025.65,192000,1025.65
1076,22,2017-02-07,1040.3,1040.75,1027.6,1030.7,111200,1030.7
1077,22,2017-02-06,1036.05,1043.9,1032.5,1040.1,501800,1040.1
1078,22,2017-02-03,1044.75,1050.1,1031.05,1033.7,118300,1033.7
1079,22,2017-02-02,1047.05,1050,1038.55,1044.75,812400,1044.75
1080,22,2017-02-01,1045.2,1050.85,1034.7,1049.2,253600,1049.2
1081,22,2017-01-31,1047,1053.9,1040.75,1043.4,163900,1043.4
1082,22,2017-01-30,1025.15,1045.8,1024.9,1044.15,330300,1044.15
1083,22,2017-01-27,1019.7,1028.95,1019,1025.15,279800,1025.15
1084,22,2017-01-26,1016.7,1016.7,1016.7,1016.7,0,1016.7
1085,22,2017-01-25,1035,1035,1016.1,1016.7,587000,1016.7
1086,22,2017-01-24,1020,1030,1018.6,1027.55,115700,1027.55
1087,22,2017-01-23,1024,1031,1014.05,1015.95,198500,1015.95
1088,22,2017-01-20,1033,1037.7,1024.4,1025.7,579300,1025.7
1089,22,2017-01-19,1033.35,1044.65,1031,1033.75,237900,1033.75
1090,22,2017-01-18,1043,1048.15,1029,1032.45,330900,1032.45
1091,22,2017-01-17,1068.2,1074.7,1038,1041.3,705400,1041.3
1092,22,2017-01-16,1091.4,1093.85,1074,1077,131100,1077
1093,22,2017-01-13,1085.7,1096.6,1085.2,1090.15,178400,1090.15
1094,22,2017-01-12,1088.45,1090,1079.15,1083.15,120600,1083.15
1095,22,2017-01-11,1094.35,1095,1082,1084.1,88600,1084.1
1096,22,2017-01-10,1079,1092,1078.25,1087.1,206200,1087.1
1097,22,2017-01-09,1079,1085.7,1071.1,1077.1,236300,1077.1
1098,22,2017-01-06,1075.3,1085,1072.55,1072.7,436400,1072.7
1099,22,2017-01-05,1073,1079.5,1069,1077.4,159700,1077.4
1100,22,2017-01-04,1092.15,1092.45,1065.35,1068.95,142700,1068.95
1101,22,2017-01-03,1084.15,1097,1081.25,1090.65,199200,1090.65
1102,22,2017-01-02,1081.35,1089.45,1073.15,1083.1,182900,1083.1
1103,22,2016-12-30,1066.8,1084.7,1064,1080.1,653300,1080.1
1104,22,2016-12-29,1051.65,1068.6,1049.5,1064.95,98900,1064.95
1105,22,2016-12-28,1068,1069.9,1048.4,1052.2,546700,1052.2
1106,22,2016-12-27,1047.1,1066.7,1047.1,1064.4,560400,1064.4
1107,22,2016-12-26,1055.6,1066,1045,1047.1,369100,1047.1
1108,22,2016-12-23,1050.6,1068.45,1050.6,1058.15,304400,1058.15
1109,22,2016-12-22,1059.9,1061.55,1050.35,1053.95,622900,1053.95
1110,22,2016-12-21,1059,1066.35,1056.5,1061.45,273100,1061.45
1111,22,2016-12-20,1057.3,1062,1054,1059.1,779000,1059.1
1112,22,2016-12-19,1058,1065.8,1055,1062.15,726600,1062.15
1113,22,2016-12-16,1050,1062,1050,1057.55,297900,1057.55
1114,22,2016-12-15,1056.75,1066.8,1051,1054.2,202700,1054.2
1115,22,2016-12-14,1039.5,1064.4,1039.4,1060,519500,1060
1116,22,2016-12-13,1032,1042,1028.5,1039.9,97700,1039.9
1117,22,2016-12-12,1026.85,1040,1022.15,1028.1,110900,1028.1
1118,22,2016-12-09,1020.5,1029.6,1020.3,1026.4,117700,1026.4
1119,23,2017-03-07,270.3,271,266.45,268.05,441000,268.05
1120,23,2017-03-06,265.55,270.45,265.55,269.9,623000,269.9
1121,23,2017-03-03,266,268.6,264.5,265.15,763000,265.15
1122,23,2017-03-02,273.5,274.6,265.9,267,1130500,267
1123,23,2017-03-01,270,273.1,270,271.95,1157600,271.95
1124,23,2017-02-28,268.3,271,268.2,269.2,578200,269.2
1125,23,2017-02-27,271,271.5,267.6,268.15,1932700,268.15
1126,23,2017-02-24,270.5,270.5,270.5,270.5,0,270.5
1127,23,2017-02-23,271.9,273,269.8,270.5,2294600,270.5
1128,23,2017-02-22,271.25,274.5,269.55,271.8,1557300,271.8
1129,23,2017-02-21,269.45,271.25,268.7,270.65,1022400,270.65
1130,23,2017-02-20,269.35,271.5,268.1,269.25,1645600,269.25
1131,23,2017-02-17,270.9,273.7,267.75,268.8,2822000,268.8
1132,23,2017-02-16,276.5,277,269.8,270.4,3218100,270.4
1133,23,2017-02-15,270.55,272.4,267.1,268.65,1425300,268.65
1134,23,2017-02-14,273.4,273.4,268.1,270.5,1834800,270.5
1135,23,2017-02-13,277.95,278.35,270.2,271.4,1535800,271.4
1136,23,2017-02-10,278.05,282.45,275,276.25,5531100,276.25
1137,23,2017-02-09,278.3,280.2,271.05,275.85,1953300,275.85
1138,23,2017-02-08,277.8,279.2,273,277.3,2999400,277.3
1139,23,2017-02-07,278,279.6,276.2,277.5,2507100,277.5
1140,23,2017-02-06,279.1,282.45,276,277.05,1742300,277.05
1141,23,2017-02-03,273,278.05,272,277.4,3954000,277.4
1142,23,2017-02-02,271.1,274.7,268.6,272.7,4939900,272.7
1143,23,2017-02-01,261.6,271.65,261,270.3,4767200,270.3
1144,23,2017-01-31,262.65,263.9,259.45,260,1393800,260
1145,23,2017-01-30,266,267.7,262.6,263,1972500,263
1146,23,2017-01-27,260,268.25,259.5,266.5,2597900,266.5
1147,23,2017-01-26,259.3,259.3,259.3,259.3,0,259.3
1148,23,2017-01-25,255.1,261,254.25,259.3,2082200,259.3
1149,23,2017-01-24,255.1,256.95,254.25,254.7,1280200,254.7
1150,23,2017-01-23,251,254.95,250.2,254.1,1141200,254.1
1151,23,2017-01-20,258.8,260.55,250.4,251,1536600,251
1152,23,2017-01-19,257,261.8,256.65,258.3,1557300,258.3
1153,23,2017-01-18,256.5,259,256.5,257.6,761600,257.6
1154,23,2017-01-17,256.6,258.55,254.65,256.15,887000,256.15
1155,23,2017-01-16,251.05,256.4,250.75,255.75,1147800,255.75
1156,23,2017-01-13,252.05,252.95,248.85,250.9,1635500,250.9
1157,23,2017-01-12,252.35,254.3,250.55,251.1,1755300,251.1
1158,23,2017-01-11,248.1,253.15,248.1,251.9,2441400,251.9
1159,23,2017-01-10,247.5,248.9,246.4,247.85,667000,247.85
1160,23,2017-01-09,246.55,248.2,246.1,247,594900,247
1161,23,2017-01-06,246,248.95,245.3,245.95,1050100,245.95
1162,23,2017-01-05,244.95,246,244.05,245.45,1025600,245.45
1163,23,2017-01-04,245.2,246.45,242.5,242.9,1271400,242.9
1164,23,2017-01-03,243.6,246.3,241.1,244.85,1524600,244.85
1165,23,2017-01-02,252.75,253.5,242.8,243.6,2429600,243.6
1166,23,2016-12-30,247.55,252.45,247.5,249.75,1781400,249.75
1167,23,2016-12-29,248,248.9,245.75,247.55,754600,247.55
1168,23,2016-12-28,249.65,252.35,246.7,247.25,1331000,247.25
1169,23,2016-12-27,243.6,249.9,243.1,248.7,878800,248.7
1170,23,2016-12-26,248.75,248.75,243.7,244.1,781800,244.1
1171,23,2016-12-23,249.95,251.7,248.05,249.25,889300,249.25
1172,23,2016-12-22,254,254.25,248.45,249.75,2080400,249.75
1173,23,2016-12-21,256.55,257.95,254.15,255.15,801000,255.15
1174,23,2016-12-20,261.25,262.95,253.25,254.55,1467500,254.55
1175,23,2016-12-19,263.05,264.4,260.85,261.4,560100,261.4
1176,23,2016-12-16,265.7,268.25,263.25,264.75,813700,264.75
1177,23,2016-12-15,259.35,267.5,259.25,265,1578300,265
1178,23,2016-12-14,265.5,266.2,262.2,262.7,794800,262.7
1179,23,2016-12-13,264.85,266.25,261.8,265.5,988000,265.5
1180,23,2016-12-12,269.45,269.45,262.4,263.4,1599800,263.4
1181,23,2016-12-09,260.95,266.5,258.7,266,2130800,266
1182,24,2017-03-07,685,685.25,675.65002,679.25,258100,679.25
1183,24,2017-03-06,686,687,675.59998,683.25,361400,683.25
1184,24,2017-03-03,674.04999,688.5,671.20001,685.79999,201500,685.79999
1185,24,2017-03-02,699,701,672.5,676.04999,754100,676.04999
1186,24,2017-03-01,678.95001,696.70001,678.95001,694.29999,604200,694.29999
1187,24,2017-02-28,673.15002,682.20001,673.15002,678.95001,143600,678.95001
1188,24,2017-02-27,674.95001,684.79999,671.75,674.84998,385200,674.84998
1189,24,2017-02-24,675.40002,675.40002,675.40002,675.40002,0,675.40002
1190,24,2017-02-23,671,681,667.90002,675.40002,264700,675.40002
1191,24,2017-02-22,674,674.79999,663,670.40002,256600,670.40002
1192,24,2017-02-21,681,684.70001,670.5,673.25,218300,673.25
1193,24,2017-02-20,677.04999,686.59998,671.90002,679.59998,452800,679.59998
1194,24,2017-02-17,653,677,649.59998,675.45001,895700,675.45001
1195,24,2017-02-16,625,651.5,625,649.29999,520800,649.29999
1196,24,2017-02-15,650.09998,654,621.04999,622.5,867800,622.5
1197,24,2017-02-14,657.95001,662.84998,641.09998,650.15002,436700,650.15002
1198,24,2017-02-13,656,659.70001,648.09998,654.95001,132400,654.95001
1199,24,2017-02-10,657,662,651.04999,655.09998,239000,655.09998
1200,24,2017-02-09,663,668.95001,655,656.75,212400,656.75
1201,24,2017-02-08,670,677,660,662.29999,215800,662.29999
1202,24,2017-02-07,674.95001,688.79999,666.75,669.54999,415400,669.54999
1203,24,2017-02-06,650,676,645.54999,674.29999,522700,674.29999
1204,24,2017-02-03,647,649.5,640.29999,647.15002,197300,647.15002
1205,24,2017-02-02,625,644.40002,620,641.34998,271800,641.34998
1206,24,2017-02-01,631,636.95001,619.40002,624.84998,297000,624.84998
1207,24,2017-01-31,645,648.79999,630,631.54999,129400,631.54999
1208,24,2017-01-30,646.40002,654.5,638.90002,644.84998,189700,644.84998
1209,24,2017-01-27,637.25,642.70001,634.79999,639.70001,201800,639.70001
1210,24,2017-01-26,636.09998,636.09998,636.09998,636.09998,0,636.09998
1211,24,2017-01-25,642,645.04999,633.20001,636.09998,183700,636.09998
1212,24,2017-01-24,637,644.40002,637,642.15002,134400,642.15002
1213,24,2017-01-23,640.90002,645.15002,632.54999,634.5,226100,634.5
1214,24,2017-01-20,644,647.45001,640,640.90002,112500,640.90002
1215,24,2017-01-19,649.84998,653.70001,640.5,644.20001,462400,644.20001
1216,24,2017-01-18,653,654.04999,645,649.84998,192900,649.84998
1217,24,2017-01-17,645,652.40002,645,648.15002,139900,648.15002
1218,24,2017-01-16,653,654.79999,642.45001,643.59998,122200,643.59998
1219,24,2017-01-13,648,656.20001,642.29999,651.25,352000,651.25
1220,24,2017-01-12,632,645.5,628,643.90002,315900,643.90002
1221,24,2017-01-11,640,649.65002,639.29999,647.70001,180500,647.70001
1222,24,2017-01-10,636.29999,639.5,627.20001,638.29999,197700,638.29999
1223,24,2017-01-09,644.90002,646.5,631,632.90002,185700,632.90002
1224,24,2017-01-06,650,650,640,640.95001,196600,640.95001
1225,24,2017-01-05,643.59998,647.79999,641,643.25,176100,643.25
1226,24,2017-01-04,637,642.95001,635,637.59998,135600,637.59998
1227,24,2017-01-03,637.5,642.15002,632.34998,636,225200,636
1228,24,2017-01-02,634,639.70001,627.25,634.79999,208300,634.79999
1229,24,2016-12-30,617,631.90002,616.5,629.75,324500,629.75
1230,24,2016-12-29,621,624.95001,611.95001,613.84998,802900,613.84998
1231,24,2016-12-28,625,628.20001,619.29999,621.59998,289000,621.59998
1232,24,2016-12-27,615,621.75,612.75,620.40002,272900,620.40002
1233,24,2016-12-26,630.09998,630.09998,610,611.75,342000,611.75
1234,24,2016-12-23,613.29999,629.5,611.40002,623.79999,888000,623.79999
1235,24,2016-12-22,614.5,624.90002,608.09998,609.20001,584800,609.20001
1236,24,2016-12-21,633.90002,633.90002,613,614.40002,625200,614.40002
1237,24,2016-12-20,633,638,622.54999,628.54999,399500,628.54999
1238,24,2016-12-19,647,647,630.54999,632.20001,366700,632.20001
1239,24,2016-12-16,650.04999,651.95001,633.70001,647.09998,1119200,647.09998
1240,24,2016-12-15,674,674.09998,645.09998,649.45001,2032600,649.45001
1241,24,2016-12-14,684.95001,693,675.25,679.04999,276100,679.04999
1242,24,2016-12-13,676.29999,684.75,666.59998,683,413800,683
1243,24,2016-12-12,674.90002,681.84998,671.54999,676.29999,1402300,676.29999
1244,24,2016-12-09,679.95001,682.15002,671,673,335000,673
1245,25,2017-03-07,2472,2507.45,2472,2500.7,48700,2500.7
1246,25,2017-03-06,2475,2482.45,2454.9,2470.65,208600,2470.65
1247,25,2017-03-03,2501,2501,2476,2492.35,34800,2492.35
1248,25,2017-03-02,2480,2510,2479.1,2501.15,110000,2501.15
1249,25,2017-03-01,2484,2501,2471.4,2480.05,39900,2480.05
1250,25,2017-02-28,2488.9,2491.25,2451.55,2466.5,37700,2466.5
1251,25,2017-02-27,2481,2500,2473.05,2488.9,60900,2488.9
1252,25,2017-02-24,2481.65,2481.65,2481.65,2481.65,0,2481.65
1253,25,2017-02-23,2410,2491,2410,2481.65,115300,2481.65
1254,25,2017-02-22,2465,2471.45,2402,2409.55,128700,2409.55
1255,25,2017-02-21,2516,2525,2455.2,2464.3,323800,2464.3
1256,25,2017-02-20,2419,2555,2412,2506.5,198000,2506.5
1257,25,2017-02-17,2452.05,2474,2402.15,2408.15,85900,2408.15
1258,25,2017-02-16,2450,2477.5,2436.3,2446.9,151000,2446.9
1259,25,2017-02-15,2400,2427,2378.35,2415.7,62400,2415.7
1260,25,2017-02-14,2414,2415,2396.5,2402.95,57000,2402.95
1261,25,2017-02-13,2403.3,2425,2382.75,2410.3,89300,2410.3
1262,25,2017-02-10,2304,2420.9,2304,2396.7,121500,2396.7
1263,25,2017-02-09,2270,2330.9,2269,2324.25,492200,2324.25
1264,25,2017-02-08,2240,2281,2240,2262.65,86000,2262.65
1265,25,2017-02-07,2241,2250,2226,2244.8,61100,2244.8
1266,25,2017-02-06,2248.2,2254.4,2216,2240.55,68500,2240.55
1267,25,2017-02-03,2205.8,2242,2192,2233.75,80200,2233.75
1268,25,2017-02-02,2170,2218.9,2154.3,2205.8,146400,2205.8
1269,25,2017-02-01,2224.35,2239.95,2162,2169.45,304700,2169.45
1270,25,2017-01-31,2334,2334,2206.55,2229.9,223800,2229.9
1271,25,2017-01-30,2340,2348.05,2322.05,2334.2,90300,2334.2
1272,25,2017-01-27,2350,2377.3,2347.5,2358.05,44800,2358.05
1273,25,2017-01-26,2352.7,2352.7,2352.7,2352.7,0,2352.7
1274,25,2017-01-25,2318,2359.95,2318,2352.7,57300,2352.7
1275,25,2017-01-24,2310,2324,2294.5,2318,116800,2318
1276,25,2017-01-23,2259,2311,2259,2305.7,85600,2305.7
1277,25,2017-01-20,2291,2300,2266,2287.45,30900,2280.95
1278,25,2017-01-19,2295,2297,2283,2290.3,67000,2283.792
1279,25,2017-01-18,2284.6,2297,2267,2295,119100,2288.479
1280,25,2017-01-17,2260,2287,2252.55,2277.65,37900,2271.178
1281,25,2017-01-16,2252,2273.9,2230,2258.55,144700,2252.132
1282,25,2017-01-13,2350,2368,2241.5,2252,456900,2245.601
1283,25,2017-01-12,2339.9,2359.75,2303,2343.3,107100,2336.641
1284,25,2017-01-11,2315.45,2328,2282,2323.05,47200,2316.449
1285,25,2017-01-10,2319,2328.3,2289,2315.45,106600,2308.87
1286,25,2017-01-09,2288,2310,2257.05,2303.75,40400,2297.204
1287,25,2017-01-06,2320,2329.8,2257,2283.6,264400,2277.111
1288,25,2017-01-05,2378.55,2387,2325,2334.55,58500,2327.916
1289,25,2017-01-04,2369.1,2386,2358.5,2378.55,25600,2371.791
1290,25,2017-01-03,2361,2371.35,2344.05,2368.5,49200,2361.77
1291,25,2017-01-02,2365,2375,2352.9,2359.05,25100,2352.347
1292,25,2016-12-30,2351.9,2375.9,2351.9,2361.95,41400,2355.238
1293,25,2016-12-29,2304.9,2355,2304.9,2350.75,41500,2344.07
1294,25,2016-12-28,2325,2349,2308.05,2315.8,33600,2309.219
1295,25,2016-12-27,2290,2329,2288.85,2321.85,31000,2315.252
1296,25,2016-12-26,2280,2300,2272.5,2292.1,30700,2285.587
1297,25,2016-12-23,2309,2315.7,2280,2290.2,28200,2283.692
1298,25,2016-12-22,2312.75,2324.7,2286,2309.85,42900,2303.286
1299,25,2016-12-21,2345,2345,2305,2312.75,31700,2306.178
1300,25,2016-12-20,2290,2344,2287.45,2337.75,64600,2331.107
1301,25,2016-12-19,2288,2296.05,2262.9,2287.5,27500,2281
1302,25,2016-12-16,2270.1,2286,2257.6,2281.75,44600,2275.266
1303,25,2016-12-15,2207.9,2271.5,2200.55,2259.5,106100,2253.079
1304,25,2016-12-14,2202,2223,2190,2207.9,56200,2201.626
1305,25,2016-12-13,2244,2244,2185,2200.85,40700,2194.596
1306,25,2016-12-12,2195,2215.5,2166,2206.25,217600,2199.981
1307,25,2016-12-09,2201.55,2220.95,2175,2193.45,53100,2187.217
1308,26,2017-03-07,470.7,475.8,465.5,467.1,507500,467.1
1309,26,2017-03-06,462,472.3,462,470.7,489600,470.7
1310,26,2017-03-03,463,467,458.7,460.1,420200,460.1
1311,26,2017-03-02,458.8,467.9,453.3,461.05,1049700,461.05
1312,26,2017-03-01,457.5,457.5,448,449.1,467900,449.1
1313,26,2017-02-28,459.7,459.7,454.1,456.15,252300,456.15
1314,26,2017-02-27,465,465,455.1,457.3,709400,457.3
1315,26,2017-02-24,462,462,462,462,0,462
1316,26,2017-02-23,464,464.9,457.65,462,559200,462
1317,26,2017-02-22,461,466.7,456.65,460.15,653400,460.15
1318,26,2017-02-21,458,462.75,454.7,458.95,648200,458.95
1319,26,2017-02-20,452,458.25,449.45,455.5,533900,455.5
1320,26,2017-02-17,448.9,456.8,442.75,452.7,926500,452.7
1321,26,2017-02-16,442,447.75,436,445.9,968100,445.9
1322,26,2017-02-15,449,453.25,435,436.55,3628600,436.55
1323,26,2017-02-14,503.85,506.4,468.3,486.8,1242200,486.8
1324,26,2017-02-13,512,513,503.8,505.4,286200,505.4
1325,26,2017-02-10,512.5,514.7,506.6,509.4,345600,509.4
1326,26,2017-02-09,517.7,518.15,506.15,512.8,379400,512.8
1327,26,2017-02-08,510.2,515,507,513,355400,513
1328,26,2017-02-07,527.8,527.8,501.95,506.8,726800,506.8
1329,26,2017-02-06,524.5,531.35,523.7,525.3,228600,525.3
1330,26,2017-02-03,534.4,534.4,520,522.5,322700,522.5
1331,26,2017-02-02,541.9,541.9,527.05,530.85,1405000,530.85
1332,26,2017-02-01,525.55,544.8,523,541.7,308700,541.7
1333,26,2017-01-31,531.5,531.5,518,523.6,285900,523.6
1334,26,2017-01-30,542,543.2,530.85,532.5,182000,532.5
1335,26,2017-01-27,552.45,553,539.9,544.35,575400,544.35
1336,26,2017-01-26,548,548,548,548,0,548
1337,26,2017-01-25,542.1,550,541.7,548,245400,548
1338,26,2017-01-24,533,542.85,532.6,541.4,449500,541.4
1339,26,2017-01-23,522,534.55,522,532.15,263300,532.15
1340,26,2017-01-20,529,529.2,521.75,523.15,169600,523.15
1341,26,2017-01-19,523.15,535,523.15,530.7,446600,530.7
1342,26,2017-01-18,524.9,529.6,521.5,523.15,1689900,523.15
1343,26,2017-01-17,527.05,530.65,521,523.25,398800,523.25
1344,26,2017-01-16,517.2,529.2,517.2,526.55,473400,526.55
1345,26,2017-01-13,520.1,523.5,507.4,514.65,393100,514.65
1346,26,2017-01-12,519.05,524,513.25,518.35,378600,518.35
1347,26,2017-01-11,518.2,525,517.3,518.9,375600,518.9
1348,26,2017-01-10,505.7,516.55,505.1,515.3,767700,515.3
1349,26,2017-01-09,500.1,504.45,492.55,500.35,391600,500.35
1350,26,2017-01-06,506,507.85,496.4,497.8,451000,497.8
1351,26,2017-01-05,496.1,503.2,495,501.95,539000,501.95
1352,26,2017-01-04,485,493.6,484.6,486.5,414700,486.5
1353,26,2017-01-03,491,492.75,479.45,481.25,823200,481.25
1354,26,2017-01-02,474.95,488.5,469.2,487.25,415700,487.25
1355,26,2016-12-30,471.25,475,467.55,471.35,354300,471.35
1356,26,2016-12-29,464.9,472.4,459.35,470.75,217900,470.75
1357,26,2016-12-28,467,467.85,462,463.15,209000,463.15
1358,26,2016-12-27,459.05,467.9,457.6,466.5,232200,466.5
1359,26,2016-12-26,464.25,464.55,455.8,458.3,228900,458.3
1360,26,2016-12-23,466.4,468.3,460,466.15,365900,466.15
1361,26,2016-12-22,468.8,472.9,465.25,469.65,389800,469.65
1362,26,2016-12-21,472.8,474.85,467.5,468.75,199800,468.75
1363,26,2016-12-20,472.55,475,469.5,472.8,241800,472.8
1364,26,2016-12-19,471,478.15,465.8,471.7,342000,471.7
1365,26,2016-12-16,464.05,475,464.05,472.5,511500,472.5
1366,26,2016-12-15,469.05,473.2,462,463.45,494300,463.45
1367,26,2016-12-14,471.95,476.6,462.8,472.6,590500,472.6
1368,26,2016-12-13,476.8,477,461.8,470.35,1421500,470.35
1369,26,2016-12-12,463.5,463.5,451.05,454.55,293700,454.55
1370,26,2016-12-09,462.55,468.4,460.4,464.05,366200,464.05
1371,27,2017-03-07,493.5,494.8,481,482,582000,482
1372,27,2017-03-06,495.9,500.3,490.5,492.95,584800,492.95
1373,27,2017-03-03,494,497.8,489.9,495,462000,495
1374,27,2017-03-02,501.3,505.35,492.2,495.05,840400,495.05
1375,27,2017-03-01,483.3,502.5,483.3,500.3,1192400,500.3
1376,27,2017-02-28,481,485.5,480.85,482.65,455700,482.65
1377,27,2017-02-27,484,488,479.55,480.85,289000,480.85
1378,27,2017-02-24,485.1,485.1,485.1,485.1,0,485.1
1379,27,2017-02-23,485,487,478.5,485.1,610700,485.1
1380,27,2017-02-22,490.3,491,480.65,483.3,447600,483.3
1381,27,2017-02-21,487.5,495.85,486.25,490.6,883100,490.6
1382,27,2017-02-20,469,488.4,465.1,486.7,1207000,486.7
1383,27,2017-02-17,470.1,474.85,466.7,467.95,431400,467.95
1384,27,2017-02-16,465,471.5,455.7,469.8,586900,469.8
1385,27,2017-02-15,471,474.45,457.6,460.1,571100,460.1
1386,27,2017-02-14,472.25,474.6,466.5,472.25,685100,472.25
1387,27,2017-02-13,470.6,477,470.2,472.5,589200,472.5
1388,27,2017-02-10,467,471.15,460.8,467.75,850100,467.75
1389,27,2017-02-09,469.95,473.35,456.8,459.9,1043100,459.9
1390,27,2017-02-08,486.8,487,468.05,470.7,1444300,470.7
1391,27,2017-02-07,475,479.5,470.1,473.25,653600,473.25
1392,27,2017-02-06,474.9,479.5,469.25,472.6,962200,472.6
1393,27,2017-02-03,477.9,480.5,468.1,471.95,601700,471.95
1394,27,2017-02-02,473.05,480.8,466.5,476.5,1101700,476.5
1395,27,2017-02-01,462.55,474.8,457.4,473.35,1045000,473.35
1396,27,2017-01-31,461.6,471.3,460.3,462.4,508100,462.4
1397,27,2017-01-30,468,468,460.45,461.95,541900,461.95
1398,27,2017-01-27,470,473.4,463.5,469.25,617400,469.25
1399,27,2017-01-26,468.95,468.95,468.95,468.95,0,468.95
1400,27,2017-01-25,468.3,476.35,466.4,468.95,734800,468.95
1401,27,2017-01-24,462.5,466.5,458.85,464.25,512500,464.25
1402,27,2017-01-23,452,463.75,451.75,461.65,533700,461.65
1403,27,2017-01-20,465,467.9,452.85,454.6,557500,454.6
1404,27,2017-01-19,468.95,468.95,462.5,467.1,465100,467.1
1405,27,2017-01-18,455,469.5,454.55,467.6,1119100,467.6
1406,27,2017-01-17,458.15,459.5,451.2,454.2,449300,454.2
1407,27,2017-01-16,445.85,459.5,443.45,458.4,887800,458.4
1408,27,2017-01-13,449,450.7,441.55,446.4,543800,446.4
1409,27,2017-01-12,450,451.35,443,447.75,737300,447.75
1410,27,2017-01-11,434.95,450.9,432,448.1,1718100,448.1
1411,27,2017-01-10,422.8,431.5,422.8,430.9,764500,430.9
1412,27,2017-01-09,423.2,423.9,419.4,422.05,1759200,422.05
1413,27,2017-01-06,419.5,425,415.9,419.7,800700,419.7
1414,27,2017-01-05,408.05,422.5,407.55,419.15,1853900,419.15
1415,27,2017-01-04,404.95,408.85,401.75,405.1,459900,405.1
1416,27,2017-01-03,407.7,409,401,403.15,466900,403.15
1417,27,2017-01-02,390.2,407.45,388.95,405.95,985000,405.95
1418,27,2016-12-30,393.95,395.35,388.1,391.1,478000,391.1
1419,27,2016-12-29,389.05,393.8,387.5,392.45,374900,392.45
1420,27,2016-12-28,394.7,394.7,386.7,388.3,465600,388.3
1421,27,2016-12-27,381,394.7,377.45,392.75,555300,392.75
1422,27,2016-12-26,389.3,389.7,378.8,380.45,437100,380.45
1423,27,2016-12-23,392.5,395.6,387.05,390.75,535700,390.75
1424,27,2016-12-22,404.5,406.2,390.45,392.4,670100,392.4
1425,27,2016-12-21,405,408.25,401.7,404.9,354100,404.9
1426,27,2016-12-20,411,414,401.55,403.9,508700,403.9
1427,27,2016-12-19,413.75,416,410,411,253400,411
1428,27,2016-12-16,422.1,423,412.8,414.1,647100,414.1
1429,27,2016-12-15,417.7,427.4,413,419.15,780100,419.15
1430,27,2016-12-14,420.35,425.9,416.55,417.55,463400,417.55
1431,27,2016-12-13,425.9,429.45,417.5,420.65,526300,420.65
1432,27,2016-12-12,429.9,430.4,422.75,424,282600,424
1433,27,2016-12-09,433.4,435.4,428.5,430.3,526100,430.3
1434,28,2017-03-07,492,499.20001,491.35001,493.79999,89900,493.79999
1435,28,2017-03-06,494,494,488.70001,491.85001,62900,491.85001
1436,28,2017-03-03,490,494.45001,487,492.39999,48400,492.39999
1437,28,2017-03-02,493,495,487.14999,489.25,78600,489.25
1438,28,2017-03-01,488.95001,494.79999,486,488.14999,66100,488.14999
1439,28,2017-02-28,490.95001,492.45001,487,488.5,87600,488.5
1440,28,2017-02-27,486,492.75,480.10001,488.79999,73200,488.79999
1441,28,2017-02-24,485.54999,485.54999,485.54999,485.54999,0,485.54999
1442,28,2017-02-23,474.5,489.79999,472,485.54999,92400,485.54999
1443,28,2017-02-22,477,477,470.70001,473.54999,27000,473.54999
1444,28,2017-02-21,476.10001,480.5,473.54999,475.54999,48900,475.54999
1445,28,2017-02-20,470,477.95001,470,475.54999,35500,475.54999
1446,28,2017-02-17,480,483.35001,474.35001,475.70001,63300,475.70001
1447,28,2017-02-16,476,481.10001,474.5,480.60001,64600,480.60001
1448,28,2017-02-15,475.04999,478.70001,468.95001,474.60001,49900,474.60001
1449,28,2017-02-14,475.20001,478,472.10001,474.89999,72100,474.89999
1450,28,2017-02-13,466.29999,476,466.29999,474.95001,112500,474.95001
1451,28,2017-02-10,464.64999,471.79999,464.64999,468.10001,86000,468.10001
1452,28,2017-02-09,460,465,458.04999,464.64999,84800,464.64999
1453,28,2017-02-08,456,464.60001,455,460.10001,138100,460.10001
1454,28,2017-02-07,464,464.60001,455.64999,457.54999,103000,457.54999
1455,28,2017-02-06,455.5,462.5,455.25,461.04999,186100,461.04999
1456,28,2017-02-03,455.20001,458.29999,454.20001,456.70001,195700,456.70001
1457,28,2017-02-02,455,457.35001,446.20001,455.20001,152500,455.20001
1458,28,2017-02-01,457.5,459,449.70001,455.25,80400,453.24999
1459,28,2017-01-31,464,464.64999,445.54999,457.10001,134200,455.09187
1460,28,2017-01-30,462,466.39999,457.45001,464.64999,253300,462.60868
1461,28,2017-01-27,469.89999,473.25,464.35001,466.10001,557600,464.05233
1462,28,2017-01-26,473.45001,473.45001,473.45001,473.45001,0,471.37004
1463,28,2017-01-25,479.10001,482.89999,471.20001,473.45001,81200,471.37004
1464,28,2017-01-24,480.20001,482.95001,476.04999,481.10001,52100,478.98643
1465,28,2017-01-23,477.29999,483.89999,470.89999,479.29999,187800,477.19432
1466,28,2017-01-20,477,479.25,475.14999,477.29999,142700,475.2031
1467,28,2017-01-19,483.60001,483.85001,475.04999,477.89999,497100,475.80047
1468,28,2017-01-18,482,486.95001,478.75,481.75,82700,479.63357
1469,28,2017-01-17,484.70001,487.25,479.10001,480.64999,97800,478.53839
1470,28,2017-01-16,482.14999,487.10001,480,483.20001,80600,481.07721
1471,28,2017-01-13,483,486,480.20001,484.70001,118300,482.57062
1472,28,2017-01-12,476,484.29999,474,483.35001,158800,481.22654
1473,28,2017-01-11,475,481,475,476.10001,82000,474.00839
1474,28,2017-01-10,472,478.89999,471.54999,476.5,61100,474.40663
1475,28,2017-01-09,470,473.54999,462.25,472.64999,46100,470.57354
1476,28,2017-01-06,477.39999,480.04999,468.29999,469.89999,85800,467.83562
1477,28,2017-01-05,476.10001,485.75,476.10001,480.35001,125500,478.23972
1478,28,2017-01-04,468,478,466.70001,475.75,129700,473.65993
1479,28,2017-01-03,471.20001,473.75,465.95001,467.5,84600,465.44617
1480,28,2017-01-02,475,478.10001,471.25,472.64999,63700,470.57354
1481,28,2016-12-30,473,476.5,471.04999,474,32400,471.91761
1482,28,2016-12-29,467,477,465,472.20001,78500,470.12553
1483,28,2016-12-28,462,474.70001,462,469.35001,221500,467.28805
1484,28,2016-12-27,455,465,453.75,464,34400,461.96155
1485,28,2016-12-26,458.04999,460.79999,452.79999,456.04999,38900,454.04646
1486,28,2016-12-23,460.14999,463,455.85001,458.95001,37900,456.93374
1487,28,2016-12-22,462.25,466,459.5,461.35001,148400,459.32319
1488,28,2016-12-21,466.14999,470,461,462.54999,46100,460.5179
1489,28,2016-12-20,463.20001,468,461.75,466.79999,38600,464.74923
1490,28,2016-12-19,463.70001,466.25,462.14999,463.04999,36900,461.01571
1491,28,2016-12-16,466.60001,471,460.45001,463.70001,86100,461.66288
1492,28,2016-12-15,467.89999,472,463.14999,466.60001,62700,464.55013
1493,28,2016-12-14,464,469.89999,463.45001,465.04999,52600,463.00692
1494,28,2016-12-13,454.29999,464,454.29999,463.60001,57900,461.56331
1495,28,2016-12-12,457.95001,457.95001,452,454.20001,84400,452.20461
1496,28,2016-12-09,458,460.95001,457,458.70001,74300,456.68484
1497,29,2017-03-07,29092.160156,29098.169922,28957.679688,28999.560547,9700,28999.560547
1498,29,2017-03-06,28859.210938,29070.199219,28856.119141,29048.189453,12100,29048.189453
1499,29,2017-03-03,28827.5,28860.130859,28716.210938,28832.449219,9300,28832.449219
1500,29,2017-03-02,29117.380859,29145.619141,28784.310547,28839.789062,10800,28839.789062
1501,29,2017-03-01,28849.039062,29029.169922,28824.169922,28984.490234,14600,28984.490234
1502,29,2017-02-28,28825.189453,28876.539062,28721.119141,28743.320312,10700,28743.320312
1503,29,2017-02-27,28910.5,28961.830078,28791.189453,28812.880859,12000,28812.880859
1504,29,2017-02-23,28927.669922,29065.310547,28860.460938,28892.970703,18400,28892.970703
1505,29,2017-02-22,28822.400391,28963.519531,28789.300781,28864.710938,16300,28864.710938
1506,29,2017-02-21,28716.699219,28801,28597.330078,28761.589844,8400,28761.589844
1507,29,2017-02-20,28481.910156,28696.529297,28419.269531,28661.580078,8900,28661.580078
1508,29,2017-02-17,28670.429688,28726.259766,28410.910156,28468.75,15000,28468.75
1509,29,2017-02-16,28223.849609,28327.839844,28146.189453,28301.269531,9700,28301.269531
1510,29,2017-02-15,28270.109375,28382.320312,28102.230469,28155.560547,17800,28155.560547
1511,29,2017-02-14,28386.119141,28393.419922,28263.449219,28339.310547,11700,28339.310547
1512,29,2017-02-13,28450.419922,28458.800781,28197.380859,28351.619141,9400,28351.619141
1513,29,2017-02-10,28367.169922,28456.179688,28286.800781,28334.25,13700,28334.25
1514,29,2017-02-09,28349.220703,28469.480469,28152.179688,28329.699219,10200,28329.699219
1515,29,2017-02-08,28386.080078,28391.640625,28149.080078,28289.919922,10900,28289.919922
1516,29,2017-02-07,28443.230469,28483.410156,28239.119141,28335.160156,10800,28335.160156
1517,29,2017-02-06,28340.390625,28487.279297,28340.390625,28439.279297,10000,28439.279297
1518,29,2017-02-03,28270.669922,28280.580078,28127.179688,28240.519531,10800,28240.519531
1519,29,2017-02-02,28167.830078,28299.919922,28070.810547,28226.609375,17200,28226.609375
1520,29,2017-02-01,27669.080078,28159.539062,27590.099609,28141.640625,18200,28141.640625
1521,29,2017-01-31,27867.919922,27867.919922,27624.539062,27655.960938,10700,27655.960938
1522,29,2017-01-30,27866.800781,27947.369141,27813.320312,27849.560547,8600,27849.560547
1523,29,2017-01-27,27761.029297,27980.390625,27759.480469,27882.460938,14300,27882.460938
1524,29,2017-01-25,27462.830078,27736.830078,27439.679688,27708.140625,12200,27708.140625
1525,29,2017-01-24,27170.880859,27393.349609,27140.849609,27375.580078,6800,27375.580078
1526,29,2017-01-23,26990.929688,27167.789062,26963.580078,27117.339844,6600,27117.339844
1527,29,2017-01-20,27232.689453,27264.410156,27009.810547,27034.5,8800,27034.5
1528,29,2017-01-19,27253.339844,27348.189453,27219.890625,27308.599609,10800,27308.599609
1529,29,2017-01-18,27261.759766,27422.669922,27217.650391,27257.640625,9500,27257.640625
1530,29,2017-01-17,27331.820312,27381.429688,27179.189453,27235.660156,8100,27235.660156
1531,29,2017-01-16,27238.349609,27335.080078,27172.679688,27288.169922,12600,27288.169922
1532,29,2017-01-13,27378.009766,27459.75,27143.070312,27238.060547,10200,27238.060547
1533,29,2017-01-12,27171.660156,27278.929688,27166.689453,27247.160156,11700,27247.160156
1534,29,2017-01-11,26978.439453,27174.869141,26978.439453,27140.410156,12000,27140.410156
1535,29,2017-01-10,26811.630859,26914.949219,26804.169922,26899.560547,8600,26899.560547
1536,29,2017-01-09,26860.810547,26860.880859,26701.179688,26726.550781,6400,26726.550781
1537,29,2017-01-06,26929.689453,27009.609375,26733.330078,26759.230469,7800,26759.230469
1538,29,2017-01-05,26738.419922,26917.210938,26738.419922,26878.240234,9800,26878.240234
1539,29,2017-01-04,26677.220703,26723.369141,26606.060547,26633.130859,8100,26633.130859
1540,29,2017-01-03,26616.919922,26724.400391,26488.369141,26643.240234,9800,26643.240234
1541,29,2017-01-02,26711.150391,26720.980469,26447.060547,26595.449219,8000,26595.449219
1542,29,2016-12-30,26441.509766,26678.599609,26406.529297,26626.460938,8600,26626.460938
1543,29,2016-12-29,26429.410156,26429.630859,26166.669922,26366.150391,6700,26366.150391
1544,29,2016-12-28,26243.189453,26415.050781,26191.720703,26210.679688,8500,26210.679688
1545,29,2016-12-27,25815.429688,26249.029297,25803.189453,26213.439453,8700,26213.439453
1546,29,2016-12-26,25992.410156,26008.570312,25753.740234,25807.099609,5400,25807.099609
1547,29,2016-12-23,25959.990234,26143.189453,25872.380859,26040.699219,7500,26040.699219
1548,29,2016-12-22,26224.070312,26248.449219,25940.140625,25979.599609,7600,25979.599609
1549,29,2016-12-21,26368.880859,26396,26213.509766,26242.380859,6100,26242.380859
1550,29,2016-12-20,26374.589844,26435.560547,26241.429688,26307.980469,7300,26307.980469
1551,29,2016-12-19,26505.660156,26505.660156,26340.380859,26374.699219,7400,26374.699219
1552,29,2016-12-16,26548.669922,26594.550781,26455.210938,26489.560547,7600,26489.560547
1553,29,2016-12-15,26497.710938,26737.859375,26407.580078,26519.070312,12700,26519.070312
1554,29,2016-12-14,26707.910156,26736.339844,26547.050781,26602.839844,9900,26602.839844
1555,29,2016-12-13,26607.650391,26724.970703,26494.230469,26697.820312,7000,26697.820312
1556,29,2016-12-12,26725.310547,26725.310547,26468.589844,26515.240234,8500,26515.240234
1557,29,2016-12-09,26787.140625,26803.759766,26707.810547,26747.179688,9800,26747.179688
